DROP SCHEMA IF EXISTS fooddonation;
CREATE SCHEMA fooddonation;
USE fooddonation;

CREATE TABLE donor 
(
	donorid 	INT(5) AUTO_INCREMENT,
	name 		VARCHAR(45),
	barangay 	VARCHAR(45),
	city		VARCHAR(45),
	mobileno 	VARCHAR(13),
	donortype 	ENUM('O', 'I'),
	PRIMARY KEY (donorid)
);

INSERT INTO donor (donorid, name, mobileno, barangay, city, donortype) 
VALUES
	(10001, 'Karie Fairholm', '585 592 4625', 'Bgy. San Roque', 'Marikina', 'I'),
	(10002, 'Amalea Morewood', '312 899 4557', 'Palanan', 'Makati', 'O'),
	(10003, 'Sheryl Harmston', '470 340 2853', 'Santa Mesa', 'Manila', 'I'),
	(10004, 'Sula Fairy', '531 299 4740', 'San Juan', 'San Juan', 'O'),
	(10005, 'Edd Sloley', '763 185 5057', 'Dasmarinas', 'Cavite', 'I'),
	(10006, 'Melisande Baroc', '310 910 3902', 'Mabini', 'Batangas', 'O'),
	(10007, 'Gaspard Cattini', '388 117 3595', 'Pasig', 'Pasig', 'I'),
	(10008, 'Quincy Sibary', '629 865 7225', 'Sampaloc', 'Manila', 'O'),
	(10009, 'Honey Uzielli', '866 239 1735', 'Malate', 'Manila', 'I'),
	(10010, 'Gillian Keemar', '696 904 7197', 'Alabang', 'Muntinlupa', 'O'),
	(10011, 'Keelia Coudray', '648 341 2628', 'Mandaluyong', 'Mandaluyong', 'I'),
	(10012, 'Baudoin O''Lenechan', '358 900 6826', 'Pandacan', 'Manila', 'O'),
	(10013, 'Cesare Filipowicz', '203 872 1129', 'Baclaran', 'Paranaque', 'O'),
	(10014, 'Gael Bettles', '996 268 8942', 'Binondo', 'Manila', 'I'),
	(10015, 'Jessamine Iannitti', '481 366 3691', 'Caloocan', 'Caloocan', 'I'),
	(10016, 'Marcel Ankers', '944 617 1303', 'Pasay', 'Pasay', 'O'),
	(10017, 'Norine Sigward', '478 432 8522', 'Tondo', 'Manila', 'I'),
	(10018, 'Celestyn McCourt', '487 310 2676', 'Malabon', 'Malabon', 'O'),
	(10019, 'Clemence Sperrett', '303 707 8960', 'Bacoor', 'Cavite', 'I'),
	(10020, 'Janeczka Wareing', '689 176 6067', 'Santa Rosa', 'Laguna', 'O'),
	(10021, 'Carlina Cane', '919 523 4237', 'Taguig', 'Taguig', 'I'),
	(10022, 'Maurice Bader', '184 105 8511', 'Bf Homes', 'Paranaque', 'I'),
	(10023, 'Michael Yewen', '903 362 3829', 'Katipunan', 'Quezon City', 'I'),
	(10024, 'Darell Formoy', '165 483 2190', 'Calamba', 'Calamba', 'O'),
	(10025, 'Freedman Pattisson', '712 777 2314', 'Cubao', 'Quezon City', 'I'),
	(10026, 'Ddene Gilbertson', '340 418 5354', 'Legazpi Village', 'Makati', 'O'),
	(10027, 'Frank Haruard', '838 715 8925', 'San Carlos', 'Lipa City', 'I'),
	(10028, 'Tine Gallie', '231 524 9650', 'Ermita', 'Manila', 'O'),
	(10029, 'Trey Foan', '366 467 4478', 'Marilao', 'Marilao', 'I'),
	(10030, 'Putnem Shedd', '220 456 4035', 'Tagaytay', 'Tagaytay', 'O'),
	(10031, 'Scarlett Hosten', '582 262 2869', 'Malolos', 'Malolos', 'I'),
	(10032, 'Alain Carbert', '241 489 7369', 'San Pedro', 'San Pedro', 'O'),
	(10033, 'Belle Henric', '681 522 6871', 'Calapan', 'Calapan', 'I'),
	(10034, 'Terrye Pennini', '740 210 9804', 'Brgy 1103', 'Pasay City', 'O'),
	(10035, 'Tybie Brock', '367 504 9222', 'Imus', 'Imus', 'I'),
	(10036, 'Deck Trahmel', '486 399 8791', 'Maharlika', 'Quezon City', 'I'),
	(10037, 'Brandea Spawton', '814 326 9916', 'Santa Cruz', 'Manila', 'O'),
	(10038, 'Juieta Coull', '798 770 5996', 'Pasig', 'Pasig', 'I'),
	(10039, 'Allison Tilbrook', '780 324 9937', 'Santa Mesa', 'Manila', 'O'),
	(10040, 'Rozelle Turnell', '335 797 1978', 'Malabon', 'Malabon', 'I'),
	(10041, 'Roxie Moncrefe', '198 991 8759', 'Mandaluyong', 'Mandaluyong', 'I'),
	(10042, 'Malynda Ricardet', '108 384 8188', 'Palanan', 'Makati', 'O'),
	(10043, 'Haskell Heard', '917 369 6590', 'San Jose', 'Quezon City', 'I'),
	(10044, 'Gussy Huncoot', '367 609 4692', 'Dasmarinas', 'Cavite', 'O'),
	(10045, 'Keri Crossby', '653 927 7612', 'Sampaloc', 'Manila', 'I'),
	(10046, 'Dorothy Stabler', '891 939 1964', 'Marikina', 'Marikina', 'O'),
	(10047, 'Temp Tureville', '469 467 9817', 'Don Bosco', 'Paranaque', 'I'),
	(10048, 'Darleen Layus', '541 116 8798', 'Caloocan', 'Caloocan', 'O'),
	(10049, 'Nick Carpenter', '579 658 5043', 'Legazpi Village', 'Makati', 'I'),
	(10050, 'Celestyna McSporrin', '985 205 2846', 'Tondo', 'Manila', 'I'),
	(10051, 'Loralie Speechley', '620 877 2200', 'Alabang', 'Muntinlupa', 'I'),
	(10052, 'Claiborn Pulford', '738 336 4150', 'Malate', 'Manila', 'O'),
	(10053, 'Giffy Beals', '134 684 9296', 'Pasay', 'Pasay', 'I'),
	(10054, 'Sukey Middas', '321 674 8440', 'Makati', 'Makati', 'O'),
	(10055, 'Orville Skitt', '589 509 8606', 'Binondo', 'Manila', 'I'),
	(10056, 'Milly Kimbrey', '181 321 7907', 'Bacoor', 'Cavite', 'O'),
	(10057, 'Trix Hainey', '343 793 9001', 'Santa Rosa', 'Laguna', 'I'),
	(10058, 'Renard Lars', '395 236 1725', 'Taguig', 'Taguig', 'I'),
	(10059, 'Christoforo Cowderoy', '291 389 3396', 'Baclaran', 'Paranaque', 'I'),
	(10060, 'Pansy Devoy', '320 140 1782', 'San Jose', 'Quezon City', 'O'),
	(10061, 'Lizzie Baker', '607 823 8532', 'Calamba', 'Calamba', 'I'),
	(10062, 'Rorie Leheude', '538 128 9005', 'Cubao', 'Quezon City', 'I'),
	(10063, 'Dirk Brockley', '323 351 6239', 'Legazpi Village', 'Makati', 'I'),
	(10064, 'Maynard Seymour', '135 689 4435', 'Marilao', 'Marilao', 'I'),
	(10065, 'Averyl Prater', '213 611 6430', 'Tagaytay', 'Tagaytay', 'I'),
	(10066, 'Rhett Reightley', '304 916 0081', 'Malolos', 'Malolos', 'O'),
	(10067, 'Tatum Helbeck', '248 159 4318', 'San Pedro', 'San Pedro', 'O'),
	(10068, 'Gipsy Duffree', '522 318 0947', 'Tambo', 'Paranaque', 'O'),
	(10069, 'Glenna Comford', '915 947 4316', 'Taytay', 'Taytay', 'I'),
	(10070, 'Gardner Lehrahan', '818 911 1620', 'Talisay', 'Talisay', 'O'),
	(10071, 'Zondra Beddoe', '657 435 5699', 'Pasig', 'Pasig', 'I'),
	(10072, 'Lexy Gedling', '639 319 2410', 'Imus', 'Imus', 'I'),
	(10073, 'Esme Ardern', '151 597 3021', 'Taguig', 'Taguig', 'I'),
	(10074, 'Hillard Truesdale', '813 548 8688', 'Makati', 'Makati', 'O'),
	(10075, 'Joelie Skeats', '311 588 8488', 'San Isidro', 'Quezon City', 'I'),
	(10076, 'Ellissa Andriveaux', '121 827 3422', 'Bacoor', 'Cavite', 'O'),
	(10077, 'Noam Feldstern', '306 928 1737', 'Alabang', 'Muntinlupa', 'O'),
	(10078, 'Philis Axtell', '546 953 7730', 'Malate', 'Manila', 'I'),
	(10079, 'Tera Candish', '376 621 1531', 'Mandaluyong', 'Mandaluyong', 'I'),
	(10080, 'Shelia Yekel', '815 253 4787', 'Pasay', 'Pasay', 'I'),
	(10081, 'Emmalynne Wetter', '468 243 3116', 'Don Bosco', 'Paranaque', 'O'),
	(10082, 'Madel Wanklyn', '458 653 1362', 'Caloocan', 'Caloocan', 'I'),
	(10083, 'Anderson Heeney', '334 357 2800', 'Malabon', 'Malabon', 'I'),
	(10084, 'Avril Gwyllt', '710 667 2445', 'Palanan', 'Makati', 'O'),
	(10085, 'Eddy Stille', '728 300 5057', 'Santa Mesa', 'Manila', 'I'),
	(10086, 'Jacquelyn Mansford', '685 383 4201', 'San Juan', 'San Juan', 'I'),
	(10087, 'Ashien Ithell', '162 394 9602', 'Santa Rosa', 'Laguna', 'O'),
	(10088, 'Rodrick Hesbrook', '845 371 9472', 'Taguig', 'Taguig', 'I'),
	(10089, 'Kermit Barrett', '587 463 4955', 'San Isidro', 'Paranaque', 'O'),
	(10090, 'Denver Warman', '259 613 7253', 'Katipunan', 'Quezon City', 'I'),
	(10091, 'Margarette Dunton', '686 205 1632', 'Calamba', 'Calamba', 'O'),
	(10092, 'Griffith Hache', '511 217 7741', 'Cubao', 'Quezon City', 'I'),
	(10093, 'Winthrop Kerwin', '551 293 9400', 'Legazpi Village', 'Makati', 'O'),
	(10094, 'Leighton Braunfeld', '164 544 4875', 'Marilao', 'Marilao', 'I'),
	(10095, 'Eachelle Frostdicke', '764 898 4456', 'Tagaytay', 'Tagaytay', 'O'),
	(10096, 'Vivian Oyley', '422 907 3506', 'Malolos', 'Malolos', 'I'),
	(10097, 'Jeffie Gillie', '755 853 1324', 'San Pedro', 'San Pedro', 'O'),
	(10098, 'Noelyn Growcock', '850 239 7431', 'Alabang', 'Paranaque', 'I'),
	(10099, 'Dmitri Renhard', '600 364 7667', 'Taytay', 'Taytay', 'I'),
	(10100, 'Ilise Befroy', '224 970 7363', 'Talisay', 'Talisay', 'I'),
	(10101, 'Fletcher Adger', '557 915 8672', 'Pasig', 'Pasig', 'I'),
	(10102, 'Bald Mattisson', '310 773 5401', 'Imus', 'Imus', 'I'),
	(10103, 'Anders Pieroni', '713 537 4112', 'Taguig', 'Taguig', 'O'),
	(10104, 'Tonye Dispencer', '314 297 3631', 'Makati', 'Makati', 'I'),
	(10105, 'Bernette Gittose', '699 337 4913', 'Maharlika', 'Quezon City', 'I'),
	(10106, 'Giavani Dreng', '184 300 7590', 'San Isidro', 'Paranaque', 'I'),
	(10107, 'Bar Budnik', '298 433 3215', 'Caloocan', 'Caloocan', 'I'),
	(10108, 'Bruce Thewlis', '323 528 2555', 'Alabang', 'Muntinlupa', 'O'),
	(10109, 'Gerri Fairney', '102 666 8953', 'Malate', 'Manila', 'I'),
	(10110, 'Haroun Raistrick', '979 586 5133', 'Mandaluyong', 'Mandaluyong', 'O'),
	(10111, 'Darya Crossgrove', '714 326 1406', 'Pasay', 'Pasay', 'I'),
	(10112, 'Darbee Aylin', '108 392 5227', 'Santa Mesa', 'Manila', 'O'),
	(10113, 'Barbi Pruckner', '483 800 2164', 'San Juan', 'San Juan', 'I'),
	(10114, 'Tomi Kinnerk', '547 912 1766', 'Santa Rosa', 'Laguna', 'O'),
	(10115, 'Nester Fantone', '734 101 4629', 'Taguig', 'Taguig', 'I'),
	(10116, 'Sawyere Rickardes', '757 167 4961', 'Don Bosco', 'Paranaque', 'I'),
	(10117, 'Bern Bampton', '303 578 2062', 'San Jose', 'Quezon City', 'I'),
	(10118, 'Germaine Warlowe', '523 784 1164', 'Calamba', 'Calamba', 'I'),
	(10119, 'Barret Horsell', '114 973 8302', 'Cubao', 'Quezon City', 'O'),
	(10120, 'Charles Roderham', '958 890 3450', 'Legazpi Village', 'Makati', 'I'),
	(10121, 'Ruthanne Gehringer', '587 613 3197', 'Marilao', 'Marilao', 'I'),
	(10122, 'Shanna Portam', '459 217 7727', 'Tagaytay', 'Tagaytay', 'O'),
	(10123, 'Georges Gadsden', '267 442 9328', 'Malolos', 'Malolos', 'I'),
	(10124, 'Ernest Colebourne', '147 496 8701', 'San Pedro', 'San Pedro', 'O'),
	(10125, 'Olivia Beadle', '884 187 7340', 'Alabang', 'Paranaque', 'I'),
	(10126, 'Lauri Airlie', '234 413 9503', 'Taytay', 'Taytay', 'I'),
	(10127, 'Rania Pegler', '992 210 1990', 'Talisay', 'Talisay', 'I'),
	(10128, 'Ilsa Jolly', '516 755 0326', 'Pasig', 'Pasig', 'I'),
	(10129, 'Bobbye Inmett', '145 968 2302', 'Imus', 'Imus', 'I'),
	(10130, 'Dorri Ferrea', '950 166 6623', 'Taguig', 'Taguig', 'I'),
	(10131, 'Ramsey Patton', '165 407 3278', 'Makati', 'Makati', 'I'),
	(10132, 'Evelina Czyz', '492 122 0034', 'Katipunan', 'Quezon City', 'O'),
	(10133, 'Dyanne Jest', '876 666 1706', 'Baclaran', 'Paranaque', 'I'),
	(10134, 'Mariana Instone', '954 735 6754', 'Caloocan', 'Caloocan', 'I'),
	(10135, 'Jazmin Merry', '145 170 8055', 'Alabang', 'Muntinlupa', 'O'),
	(10136, 'Kerry Ellson', '327 757 1185', 'Malate', 'Manila', 'I'),
	(10137, 'Clem Wogan', '992 355 7067', 'Mandaluyong', 'Mandaluyong', 'I'),
	(10138, 'Angil Birtle', '816 954 3906', 'Pasay', 'Pasay', 'I'),
	(10139, 'Halli Proudlock', '409 219 2053', 'Santa Mesa', 'Manila', 'I'),
	(10140, 'Genvieve Serot', '104 913 3456', 'San Juan', 'San Juan', 'I'),
	(10141, 'Marnie Macbane', '902 213 0956', 'Santa Rosa', 'Laguna', 'O'),
	(10142, 'Donelle McLaughlin', '784 858 8362', 'Taguig', 'Taguig', 'I'),
	(10143, 'Portia Merner', '897 150 6454', 'Bf Homes', 'Paranaque', 'I'),
	(10144, 'Riobard Sommerfeld', '634 647 4601', 'Masambong', 'Quezon City', 'O'),
	(10145, 'Tybi Morgen', '845 738 0252', 'Calamba', 'Calamba', 'O'),
	(10146, 'Si Greiswood', '181 636 3899', 'Cubao', 'Quezon City', 'I'),
	(10147, 'Morna Lampard', '830 815 8978', 'Legazpi Village', 'Makati', 'I'),
	(10148, 'Karina Hemphill', '561 450 1887', 'Marilao', 'Marilao', 'O'),
	(10149, 'Bevvy Gorcke', '661 309 2808', 'Tagaytay', 'Tagaytay', 'I'),
	(10150, 'Lanie Mathivon', '438 659 6820', 'Malolos', 'Malolos', 'I');


CREATE TABLE ngo 
(
	ngoid 		INT(5) AUTO_INCREMENT,
	name 		VARCHAR(45),
	barangay 	VARCHAR(45),
	city 		VARCHAR(45),
	mobileno 	VARCHAR(13),
	ngodesc 	VARCHAR(45),
	PRIMARY KEY (ngoid)
);

INSERT INTO ngo (ngoid, name, barangay, city, mobileno, ngodesc) 
VALUES
	(20001, 'Hope4PH', 'Brgy. San Juan', 'Zamboanga', '631091147612', 'Aiding those in need.'),
	(20002, 'UnityAid', 'Katipunan', 'Quezon City', '637025838492', 'Global aid unification.'),
	(20003, 'Care for Pinoys', 'San Andres', 'Manila', '639522753199', 'Providing support.'),
	(20004, 'AidWings', 'Malolos', 'Malolos', '635840310681', 'Extending aid.'),
	(20005, 'VisionCare Foundation', 'Barangay 206', 'Manila', '632293885059', 'Supporting the visually impaired.'),
	(20006, 'Helping Hands', 'Paknaan', 'Mandaue City', '639869133210', 'Assistance for disabled.'),
	(20007, 'DreamCares', 'San Jose', 'Quezon City', '639272532119', 'Fulfilling dreams with care.'),
	(20008, 'LoveReach', 'Pasig', 'Pasig', '631099978576', 'Spreading love and support.'),
	(20009, 'HeartLink', 'Imus', 'Imus', '633888732664', 'Linking hearts through care.'),
	(20010, 'Bright Pinoy', 'Cadawinonan', 'Dumaguete City', '639504661203', 'Empowering individuals.'),
	(20011, 'GraceWorks', 'Taguig', 'Taguig', '632337574773', 'Grace in action.'),
	(20012, 'SilentHands Aid', 'Amihan Subd.', 'Malolos', '636995526224', 'Supporting the deaf.'),
	(20013, 'Rise for Hope', 'Pasig', 'Pasig', '635394010206', 'Rising for hope.'),
	(20014, 'ShineHelp', 'Isang Diwa', 'Kapitan Pepe', '632407327929', 'Illuminating lives.'),
	(20015, 'StarReach', 'Sampaloc', 'Manila', '631920822518', 'Reaching for the stars.'),
	(20016, 'Peace Now', 'Barangay Lumasal', 'Pasig', '634319157042', 'Promoting peace.'),
	(20017, 'BayaniAid', 'Caloocan', 'Caloocan', '639406580032', 'Aiding veterans.'),
	(20018, 'SwiftAid', 'Palanan', 'Makati', '631534448151', 'Rapid assistance.'),
	(20019, 'Kind Souls', 'San Pedro', 'San Pedro', '637233910519', 'Compassion for all.'),
	(20020, 'Love Loom', 'Santa Mesa', 'Manila', '638066385076', 'Love and support.'),
	(20021, 'SkyWish', 'Malate', 'Manila', '631396653117', 'Fulfilling wishes.'),
	(20022, 'MercyMates', 'San Jose del Monte', 'Bulacan', '635642960583', 'Rapid support.'),
	(20023, 'Pure Life PH', 'Poblacion', 'Calamba', '639763223775', 'Nurturing life.'),
	(20024, 'GiveLight', 'Malolos', 'Malolos', '637799188902', 'Bringing hope.'),
	(20025, 'LimbLinks Network', 'Kaunlaran Village', 'Quezon City', '632641746720', 'Support for amputees.'),
	(20026, 'Blue Bayani', 'Pulo', 'Calamba', '633684889161', 'Filipino veteran support.'),
	(20027, 'Care Haven', 'Pasig', 'Pasig', '631340170296', 'Providing care.'),
	(20028, 'Rise Again', 'Matina Aplaya', 'Davao City', '638429616453', 'Resilience in action.'),
	(20029, 'AidQuest', 'Legazpi Village', 'Makati', '635423930034', 'Quest for aid.'),
	(20030, 'Echoing Hope Society', 'Libertad', 'Tacloban City', '632360846896', 'Amplifying hope.'),
	(20031, 'Helping Hope', 'San Antonio', 'San Pedro', '639060438468', 'Inspiring hope.'),
	(20032, 'One Cause', 'Malate', 'Manila', '634291084626', 'Unified assistance.'),
	(20033, 'Heal Hands', 'Cubao', 'Quezon City', '635704500713', 'Healing and helping.'),
	(20034, 'Reach Out PH', 'Bgy. San Antonio', 'Pasig', '633547711302', 'Aid in the Philippines.'),
	(20035, 'JoyRiders', 'Marilao', 'Marilao', '636576168554', 'Riding to joy.'),
	(20036, 'Peace Beams', 'Buhangin', 'Davao City', '634459025906', 'Beaming peace.'),
	(20037, 'HelpCrew', 'Barangay Bulanao Norte', 'Tabuk', '633679219992', 'Crew of support.'),
	(20038, 'Smile Makers', 'San Isidro', 'Paranaque', '638159089454', 'Creating smiles.'),
	(20039, 'LifeLinks PH', 'Taytay', 'Taytay', '633201627022', 'Linking lives.'),
	(20040, 'Hope Harbor', 'Leyte', 'Ormoc', '634615461179', 'Harbor of hope.'),
	(20041, 'Safe Haven', 'Brgy. New Life', 'Quezon City', '636792772378', 'A safe refuge.'),
	(20042, 'Kind Hearts', 'Bacoor', 'Cavite', '634388095907', 'Caring hearts.'),
	(20043, 'LoveLines', 'Tagaytay', 'Tagaytay', '634290529701', 'Love and support.'),
	(20044, 'Star Hope PH', 'Purok 5', 'Malolos', '633153287988', 'Shining hope.'),
	(20045, 'SwiftWings', 'San Isidro', 'Quezon City', '634834347312', 'Swift aid.'),
	(20046, 'WarmWays', 'Lagonoy', 'Lagonoy', '632212490535', 'Warming with care.'),
	(20047, 'Bright Care', 'San Juan', 'San Juan', '635832029472', 'Brightening lives.'),
	(20048, 'DreamAid PH', 'San Andres', 'Manila', '636497771873', 'Aiding dreams.'),
	(20049, 'BrightSight Initiatives', 'Caloocan', 'Caloocan', '637798565728', 'Brightening sights for the blind.'),
	(20050, 'CareCraft', 'Magsaysay', 'Malaybalay City', '638403928081', 'Crafting care.'),
	(20051, 'AidHarbor', 'Imus', 'Imus', '638139641367', 'Aid haven.'),
	(20052, 'LifeStars PH', 'Mangagoy', 'Bislig', '638430469093', 'Stars of hope.'),
	(20053, 'Faith Cares', 'Santa Rosa', 'Laguna', '639393796314', 'Faith-based care.'),
	(20054, 'HeartGlow', 'Marilao', 'Marilao', '635739268914', 'Glowing with care.'),
	(20055, 'CharityNow', 'Sta. Ana', 'Taguig', '639037119664', 'Immediate charity.'),
	(20056, 'Rise and Shine', 'Malolos', 'Malolos', '633865363831', 'Rising for good.'),
	(20057, 'GraceWings', 'Legazpi Village', 'Makati', '636786010301', 'Graceful assistance.'),
	(20058, 'DeafSense Outreach', 'Lingap', 'Tagum City', '638890329396', 'Reaching the deaf.'),
	(20059, 'Peace Pulse', 'Bgy. 694', 'Manila', '639040050292', 'Pulsating peace.'),
	(20060, 'Share Light', 'Roxas Boulevard', 'Manila', '636938869214', 'Sharing light.'),
	(20061, 'Sky Angels', 'Don Bosco', 'Paranaque', '636156999813', 'Aerial guardians.'),
	(20062, 'Hope Nest PH', 'Pasig', 'Pasig', '634961244335', 'Nurturing hope.'),
	(20063, 'LifeLinks', 'Maharlika', 'Quezon City', '631426040078', 'Mates for assistance.'),
	(20064, 'LoveLines', 'San Jose', 'Antique', '636911584062', 'Lines filled with love.'),
	(20065, 'AidMates', 'Taguig', 'Taguig', '636571114975', 'Caring hearts.'),
	(20066, 'HelpHearts', 'Imus', 'Imus', '637151314563', 'Rising with joy.'),
	(20067, 'JoyRise PH', 'Bf Homes', 'Paranaque', '635766913527', 'Quest for happiness.'),
	(20068, 'SmileQuest', 'Poblacion', 'Calamba', '637366337883', 'Empowering amputees.'),
	(20069, 'Amputee Strong Aid', 'Sampaloc', 'Manila', '631261660882', 'Beaming hope.'),
	(20070, 'StarBeams', 'Legazpi Village', 'Makati', '631871424107', 'Shining support.'),
	(20071, 'ShineWings', 'Pasay', 'Pasay', '639225363209', 'Fulfilling dreams.'),
	(20072, 'DreamWish PH', 'Mabini', 'Batangas', '636799435491', 'Unified assistance.'),
	(20073, 'One Cause', 'Bgy. San Roque', 'Marikina', '634635173176', 'Warm support.'),
	(20074, 'WarmReach', 'Ligao City', 'Ligao', '634473471434', 'Hope through unity.'),
	(20075, 'UnityHope', 'San Juan', 'San Juan', '631680959193', 'Bridging aid.'),
	(20076, 'AidBridge PH', 'Marikina', 'Marikina', '634770845877', 'Shining lives.'),
	(20077, 'BrightLife', 'Tinago', 'Dipolog City', '632643191980', 'Caring for peace.'),
	(20078, 'PeaceCare', 'Tagaytay', 'Tagaytay', '633310387463', 'Swiftness in wishes.'),
	(20079, 'SwiftWish', 'Brgy. 190', 'Quezon City', '633083671598', 'Compassionate hands.'),
	(20080, 'KindHands', 'Kapwa Mo Foundation', 'Makati City', '634343950051', 'Rising above.'),
	(20081, 'Rise Above PH', 'Tagaytay', 'Tagaytay', '638046654801', 'Linked in care.'),
	(20082, 'HeartLink', 'Pandacan', 'Manila', '637900861793', 'Support for the hearing-impaired.'),
	(20083, 'HearLife Foundation', 'San Isidro', 'San Fernando', '637433106851', 'Riding with love.'),
	(20084, 'Love Riders', 'Poblacion', 'Quezon City', '632013464717', 'Crafting care.'),
	(20085, 'CareCraft', 'Malabon', 'Malabon', '632476673065', 'Compassionate mates.'),
	(20086, 'MercyMates', 'Barangka Drive', 'Mandaluyong', '633184953105', 'Hope in the Philippines.'),
	(20087, 'Help Hope PH', 'Legazpi Village', 'Makati', '633315434919', 'A harbor of hope.'),
	(20088, 'Hope Harbor', 'Malabon', 'Malabon', '632305005223', 'Nurturing lives.'),
	(20089, 'Pure Life', 'Ermita', 'Manila', '634513659709', 'Crew of smiles.'),
	(20090, 'SmileCrew', 'Sampaloc', 'Manila', '635706469571', 'Quest for life.'),
	(20091, 'LifeQuest', 'Taguig', 'Taguig', '636244675321', 'Riding the blue wave.'),
	(20092, 'BlueWave', 'Brgy. Alabang', 'Muntinlupa City', '631719133246', 'Touch of warmth.'),
	(20093, 'WarmTouch', 'Binondo', 'Manila', '636214984286', 'Guiding with stars.'),
	(20094, 'Guiding Stars Society', 'Dasmarinas', 'Cavite', '635735627813', 'Where grace helps.'),
	(20095, 'GraceWorks', 'San Isidro', 'Makati', '639644800574', 'Hope that shines.'),
	(20096, 'ShineHope', 'Sampaloc', 'Manila', '639119133945', 'Glowing dreams.'),
	(20097, 'DreamGlow PH', 'Buhangin', 'Davao City', '638100290832', 'Amputee support.'),
	(20098, 'LimbMates Network', 'Alabang', 'Muntinlupa', '638856240760', 'Swift aid in the Philippines.'),
	(20099, 'SwiftAid PH', 'Santa Mesa', 'Manila', '631161191778', 'Unity in support.'),
	(20100, 'UnityWings', 'Makati', 'Makati', '634823094558', 'The wings of unity.');

CREATE TABLE community 
(
	communityid 	INT(5) AUTO_INCREMENT,
	communityname 	VARCHAR(45),
	barangay 		VARCHAR(45),
	city 			VARCHAR(45),
	communitydesc 	VARCHAR(45),
	PRIMARY KEY (communityid)
);

INSERT INTO community (communityid, communityname, barangay, city, communitydesc)
VALUES
	(30001, 'Etnikado Community', 'Bulanao Norte', 'Tabuk', 'Indigenous People'),
	(30002, 'Asin at Ilaw Community', 'Sta. Ana', 'Taguig', 'Religious Community'),
	(30003, 'Tondo Community', 'Barangay 206', 'Manila', 'Impoverished Areas'),
	(30004, 'Malapit sa Dagat Community', 'Poblacion', 'Batangas', 'Coastal Community'),
	(30005, 'Bagong Pag-asa Village', 'Santa Mesa', 'Manila', 'Residential Community'),
	(30006, 'Kalikasan Eco Park Community', 'Bagong Pag-asa', 'Quezon City', 'Environmental'),
	(30007, 'San Juan Farmers Association', 'San Juan', 'La Union', 'Agricultural'),
	(30008, 'Munting Nayon', 'Cabuyao', 'Laguna', 'Rural Community'),
	(30009, 'Golden Acres Retirement Home', 'San Isidro', 'Makati', 'Senior Living'),
	(30010, 'Sagip Kalikasan Foundation', 'San Antonio', 'Quezon City', 'Non-Profit Organization'),
	(30011, 'Sampaguita Village', 'Bagong Ilog', 'Pasig', 'Residential Community'),
	(30012, 'Purok Maligaya', 'Brgy. San Juan', 'Zamboanga', 'Suburban Community'),
	(30013, 'Kidapawan Green Initiative', 'Balindog', 'Kidapawan City', 'Environmental'),
	(30014, 'Maharlika Village', 'San Jose', 'Antique', 'Residential Community'),
	(30015, 'Hope for Kids Foundation', 'Brgy. 45', 'Cebu City', 'Child Welfare'),
	(30016, 'Pacific Coast Community', 'Cadawinonan', 'Dumaguete City', 'Coastal Community'),
	(30017, 'Happy Homes Subdivision', 'Libertad', 'Tacloban City', 'Residential Community'),
	(30018, 'Pag-asa sa Kalusugan Foundation', 'Barangay 207', 'Manila', 'Healthcare'),
	(30019, 'Luntiang Kapatagan Village', 'Magsaysay', 'Malaybalay City', 'Agricultural'),
	(30020, 'Maharlika Hills', 'Purok 5', 'Malolos', 'Residential Community'),
	(30021, 'Bukidnon Eco Warriors', 'Quezon Hill', 'Baguio City', 'Environmental'),
	(30022, 'Kaunlaran Village', 'Kaunlaran Village', 'Quezon City', 'Low-Income Housing'),
	(30023, 'Sunflower Children Home', 'Santo Nino', 'Bacolod', 'Orphanage'),
	(30024, 'San Roque Community', 'Barangay San Roque', 'Cavite City', 'Residential Community'),
	(30025, 'Golden Harvest Farmers Cooperative', 'Magtuod', 'Davao City', 'Agricultural'),
	(30026, 'Paraiso Verde Eco Park', 'Poblacion', 'Calamba', 'Environmental'),
	(30027, 'Tahanang Walang Hagdan', 'Pilar Village', 'Las Pinas', 'Disability Support'),
	(30028, 'Barangay 5A Urban Garden', 'Dipolog City', 'Dipolog', 'Community Garden'),
	(30029, 'Simbahang Bukidnon', 'San Isidro', 'Quezon City', 'Religious Community'),
	(30030, 'Lumang Bayan Heritage Village', 'Poblacion', 'Malolos', 'Cultural Preservation'),
	(30031, 'Pag-asa sa Bata Foundation', 'Brgy. Pag-asa', 'Davao City', 'Child Welfare'),
	(30032, 'Villa Esperanza', 'San Antonio', 'San Pedro', 'Residential Community'),
	(30033, 'Green Thumb Community', 'Gusa', 'Cagayan de Oro', 'Environmental'),
	(30034, 'Kapwa Ko', 'Mahal Ko Foundation', 'Paco', 'Manila'),
	(30035, 'Pag-asa ng Kabataan Orphanage', 'San Andres', 'Quezon City', 'Orphanage'),
	(30036, 'Lakeside Residences', 'Calamba', 'Calamba', 'Residential Community'),
	(30037, 'Sustainable Seas Initiative', 'Leyte', 'Ormoc', 'Environmental Conservation'),
	(30038, 'Silayan Village', 'Barangay Silayan', 'Tagum City', 'Residential Community'),
	(30039, 'Panday Sining Artist Collective', 'Bgy. 694', 'Manila', 'Arts and Culture'),
	(30040, 'Barrio Bagong Pag-asa', 'Poblacion', 'Quezon City', 'Low-Income Housing'),
	(30041, 'San Roque Hope Center', 'Bgy. San Roque', 'Marikina', 'Community Center'),
	(30042, 'Kalikasan Para sa Kinabukasan', 'Palanan', 'Makati', 'Environmental'),
	(30043, 'Sagip Buhay Foundation', 'Brgy. 102', 'Quezon City', 'Healthcare'),
	(30044, 'Little Steps Childcare Center', 'Bgy. San Antonio', 'Pasig', 'Childcare'),
	(30045, 'Casa de Esperanza', 'Barangka Drive', 'Mandaluyong', 'Rehabilitation Center'),
	(30046, 'Isang Bansa', 'Isang Diwa', 'Kapitan Pepe', 'Calamba'),
	(30047, 'Sinag ng Pag-asa Village', 'Amihan Subd.', 'Malolos', 'Residential Community'),
	(30048, 'Helping Hands Community', 'Matina Aplaya', 'Davao City', 'Community Support'),
	(30049, 'Mahalin Pagkaing Atin', 'Sto. Nino Subd.', 'Cebu City', 'Agricultural'),
	(30050, 'Bayanihan Village', 'Barangay 30', 'Dipolog City', 'Community Cooperation'),
	(30051, 'Save the Mangroves Foundation', 'Ormoc City', 'Ormoc', 'Environmental'),
	(30052, 'Ina ng Bayan Parish', 'Sampaloc', 'Manila', 'Religious Community'),
	(30053, 'Project Arugaan', 'Buhangin', 'Davao City', 'Childcare Support'),
	(30054, 'Kapwa Kabuhayan Cooperative', 'Lagonoy', 'Lagonoy', 'Livelihood'),
	(30055, 'Barrio Kalayaan', 'San Isidro', 'San Fernando', 'Low-Income Housing'),
	(30056, 'Women Empowerment Society', 'Pulo', 'Calamba', 'Empowerment'),
	(30057, 'Kanlungan ni Maria', 'San Juan', 'San Juan', 'Senior Living'),
	(30058, 'Kapitbahay Foundation', 'San Andres', 'Manila', 'Community Development'),
	(30059, 'Kalinga Kids Haven', 'Brgy. 190', 'Quezon City', 'Child Welfare'),
	(30060, 'Bayanihan Cove', 'Barangay Mabini', 'Tagum City', 'Residential Community'),
	(30061, 'Banwang Dako Eco Warriors', 'Paknaan', 'Mandaue City', 'Environmental'),
	(30062, 'Tahanang Ginto', 'Pasong Tamo', 'Pasig', 'Disability Support'),
	(30063, 'Green Dreams Initiative', 'Tinago', 'Dipolog City', 'Environmental Conservation'),
	(30064, 'Mahalin ang Wika Foundation', 'Sta. Mesa', 'Manila', 'Cultural Preservation'),
	(30065, 'Community Outreach Project', 'Calicanto', 'Batangas City', 'Community Outreach'),
	(30066, 'Sibol Village', 'La Union', 'La Union', 'Residential Community'),
	(30067, 'Sinag ng Kalikasan', 'Palanan', 'Palanan', 'Environmental'),
	(30068, 'Kapwa Ko', 'Kapwa Mo Foundation', 'Makati City', 'Makati'),
	(30069, 'Pag-asa para sa Kabataan', 'Barangay Magsaysay', 'Quezon City', 'Child Welfare'),
	(30070, 'Bayan ni Juan Village', 'Poblacion', 'Calamba', 'Low-Income Housing'),
	(30071, 'Kamayan para sa Kinabukasan', 'Barangay Lumasal', 'Pasig', 'Community Cooperation'),
	(30072, 'Sunflower Sanctuary', 'Barangay Bulanao Norte', 'Tabuk', 'Rehabilitation Center'),
	(30073, 'Mangrove Conservation Project', 'San Juan', 'Ormoc City', 'Environmental'),
	(30074, 'Sto. Nino Outreach Center', 'Sampaloc', 'Manila', 'Community Development'),
	(30075, 'Kapwa Kabuhayan Cooperative', 'Lagonoy', 'Lagonoy', 'Livelihood'),
	(30076, 'Likas Yaman Village', 'San Isidro', 'San Fernando', 'Residential Community'),
	(30077, 'Women Empowerment Society', 'Pulo', 'Calamba', 'Empowerment'),
	(30078, 'Kanlungan ni Maria', 'San Juan', 'San Juan', 'Senior Living'),
	(30079, 'Kapitbahay Foundation', 'San Andres', 'Manila', 'Community Development'),
	(30080, 'Kalinga Kids Haven', 'Brgy. 190', 'Quezon City', 'Child Welfare'),
	(30081, 'Barrio Kalayaan', 'Barangay Kalayaan', 'Palawan', 'Low-Income Housing'),
	(30082, 'Green Earth Foundation', 'Brgy. Alabang', 'Muntinlupa City', 'Environmental Conservation'),
	(30083, 'Tahanang Pag-asa', 'Pasig', 'Pasig', 'Orphanage'),
	(30084, 'Lakandula Heritage Village', 'Poblacion', 'Malolos', 'Cultural Preservation'),
	(30085, 'Silong sa Pag-asa Community', 'San Jose del Monte', 'Bulacan', 'Community Support'),
	(30086, 'Munting Pook ng Saya', 'San Andres', 'Manila', 'Residential Community'),
	(30087, 'Sagip Kalikasan Eco Warriors', 'Limay', 'Bataan', 'Environmental'),
	(30088, 'Golden Years Retirement Home', 'Mangagoy', 'Bislig', 'Senior Living'),
	(30089, 'Barrio Bagong Buhay', 'Barangay New Life', 'Quezon City', 'Low-Income Housing'),
	(30090, 'Mga Kamay ng Pag-asa', 'Kapitan Pepe', 'Calamba', 'Community Outreach'),
	(30091, 'Pag-asa para sa Kinabukasan Foundation', 'Sampaloc', 'Manila', 'Child Welfare'),
	(30092, 'Lingap Kabataan Village', 'Lingap', 'Tagum City', 'Youth Development'),
	(30093, 'Manila Bay Cleanup Initiative', 'Roxas Boulevard', 'Manila', 'Environmental Conservation'),
	(30094, 'Tulay ng Bayan Community', 'Ligao City', 'Ligao', 'Community Bridge'),
	(30095, 'Bayan ni Juan Eco Village', 'Poblacion', 'Tagaytay City', 'Residential Community'),
	(30096, 'San Pedro Urban Garden', 'San Pedro', 'San Pedro', 'Community Garden'),
	(30097, 'Maunlad na Buhay Cooperative', 'Buhangin', 'Davao City', 'Community Cooperation'),
	(30098, 'Kalinga Village', 'San Isidro', 'San Fernando', 'Residential Community'),
	(30099, 'Mahigpit na Bayanihan', 'Magallanes', 'Makati', 'Community Support'),
	(30100, 'Lihim ng Kalikasan', 'Palanan', 'Palanan', 'Environmental Conservation');

CREATE TABLE event 
(
	eventid 	INT(4) AUTO_INCREMENT,
	ngoid 		INT(5),
	communityid INT(5),
	eventname 	VARCHAR(45),
	startdate 	DATE,
	enddate 	DATE,
	PRIMARY KEY (eventid),
	FOREIGN KEY (ngoid) REFERENCES 
		ngo (ngoid),
	FOREIGN KEY (communityid) REFERENCES 
		community (communityid)
);

INSERT INTO event(eventid, ngoid, communityid, eventname, startdate, enddate)
VALUES
	(40001, 20079, 30091, 'Nourish Our Community', '2020-01-17', '2021-10-08'), 
	(40002, 20078, 30046, 'Share the Harvest', '2020-01-24', '2022-02-08'), 
	(40003, 20069, 30085, 'Feed the Need', '2020-01-29', '2021-10-12'), 
	(40004, 20065, 30025, 'Hunger Relief Rally', '2020-02-05', NULL), 
	(40005, 20005, 30079, 'Food for All', '2020-02-11', '2022-03-29'), 
	(40006, 20096, 30022, 'Give and Gather', '2020-02-14', NULL), 
	(40007, 20001, 30050, 'Sustenance Drive', '2020-03-16', NULL), 
	(40008, 20021, 30005, 'End Hunger Together', '2020-03-23', '2022-02-06'), 
	(40009, 20094, 30097, 'Bounty for Neighbors', '2020-03-25', NULL), 
	(40010, 20012, 30059, 'Community Food Boost', '2020-04-18', NULL), 
	(40011, 20086, 30037, 'Together We Thrive', '2020-05-20', NULL), 
	(40012, 20080, 30019, 'Helping Hands Harvest', '2020-05-26', NULL), 
	(40013, 20077, 30054, 'Food Drive Fest', '2020-05-29', NULL), 
	(40014, 20001, 30073, 'Compassionate Cuisine', '2020-05-31', '2022-03-22'), 
	(40015, 20008, 30066, 'Nutritious Outreach', '2020-06-18', NULL), 
	(40016, 20064, 30061, 'Unity Feeds Us', '2020-06-23', '2022-06-07'), 
	(40017, 20011, 30052, 'Meals Matter Mission', '2020-07-12', '2022-06-15'), 
	(40018, 20003, 30047, 'Serve and Support', '2020-07-24', NULL), 
	(40019, 20058, 30069, 'Plates of Kindness', '2020-07-27', NULL), 
	(40020, 20042, 30040, 'Abundance Aid Event', '2020-08-06', '2022-04-18'), 
	(40021, 20075, 30098, 'Food for Families', '2020-08-18', '2022-07-30'), 
	(40022, 20051, 30089, 'Full Bellies Initiative', '2020-09-08', '2022-07-28'), 
	(40023, 20052, 30055, 'Nourishment Network', '2020-09-12', '2022-04-20'), 
	(40024, 20073, 30096, 'Care and Share Campaign', '2020-09-24', NULL), 
	(40025, 20008, 30043, 'Nourish the Neighborhood', '2020-09-25', NULL), 
	(40026, 20032, 30064, 'Giving Table Gathering', '2020-09-26', '2022-08-17'), 
	(40027, 20034, 30080, 'Share the Bounty Bash', '2020-10-19', NULL), 
	(40028, 20032, 30070, 'Fueling Hope Drive', '2020-11-05', '2022-07-11'), 
	(40029, 20014, 30084, 'Community Kitchen Connection', '2020-11-09', NULL), 
	(40030, 20070, 30036, 'Supportive Sustenance Rally', '2020-11-19', NULL), 
	(40031, 20006, 30038, 'Nourish Our Neighbors', '2020-12-04', NULL), 
	(40032, 20091, 30018, 'Hunger-Free Harmony', '2020-12-04', NULL), 
	(40033, 20039, 30035, 'Food Bank Fest', '2020-12-06', '2022-11-21'), 
	(40034, 20059, 30051, 'Empower and Feed Event', '2020-12-06', NULL), 
	(40035, 20042, 30015, 'Community Care Cookout', '2020-12-19', NULL), 
	(40036, 20048, 30058, 'Plates of Plenty Party', '2021-01-11', '2022-10-12'), 
	(40037, 20031, 30088, 'Vitality Volunteers Drive', '2021-01-13', NULL), 
	(40038, 20073, 30028, 'Feeding Futures Fundraiser', '2021-01-27', NULL), 
	(40039, 20007, 30017, 'Table of Plenty Event', '2021-02-02', '2023-03-27'), 
	(40040, 20041, 30092, 'Harvesting Hope Happening', '2021-02-03', '2023-01-08'), 
	(40041, 20034, 30087, 'Nourishing Network Drive', '2021-02-06', '2022-11-25'), 
	(40042, 20059, 30027, 'Share and Support Soiree', '2021-02-23', NULL), 
	(40043, 20024, 30009, 'Feed the Future Fiesta', '2021-03-02', '2023-02-14'), 
	(40044, 20065, 30008, 'Full Hearts Food Drive', '2021-03-16', NULL), 
	(40045, 20004, 30086, 'Sowing Seeds of Change', '2021-03-16', '2023-02-05'), 
	(40046, 20099, 30062, 'Gathering for Goodness', '2021-03-23', NULL), 
	(40047, 20100, 30072, 'Nutritious Neighbor Night', '2021-03-30', NULL), 
	(40048, 20058, 30002, 'Food Security Fair', '2021-04-02', '2023-03-10'), 
	(40049, 20066, 30078, 'Unity for Upliftment', '2021-04-03', NULL), 
	(40050, 20069, 30032, 'Plateful of Hope Party', '2021-04-06', '2022-12-10'), 
	(40051, 20060, 30014, 'Nourish the Next Generation', '2021-04-06', NULL), 
	(40052, 20090, 30081, 'Share the Table Event', '2021-04-28', NULL), 
	(40053, 20089, 30045, 'Grow and Give Gala', '2021-05-29', '2023-04-01'), 
	(40054, 20058, 30011, 'Filling Pantries Party', '2021-05-29', '2023-08-04'), 
	(40055, 20072, 30065, 'Food for Thought Fest', '2021-06-23', NULL), 
	(40056, 20029, 30031, 'Heartwarming Harvest Happening', '2021-06-24', '2023-05-10'), 
	(40057, 20021, 30099, 'Nourishment Now Rally', '2021-07-06', NULL), 
	(40058, 20032, 30039, 'Sustenance for All Soiree', '2021-08-02', NULL), 
	(40059, 20055, 30083, 'Community Care Convocation', '2021-08-07', NULL), 
	(40060, 20058, 30053, 'Serving Hope Social', '2021-08-10', '2023-06-30'), 
	(40061, 20013, 30074, 'Abundance Affair', '2021-09-04', '2023-03-28'), 
	(40062, 20014, 30042, 'Giving Garden Gathering', '2021-09-12', NULL), 
	(40063, 20070, 30063, 'Feeding Futures Festival', '2021-09-13', NULL), 
	(40064, 20078, 30048, 'Unity in Nutrition Event', '2021-09-26', NULL), 
	(40065, 20030, 30041, 'Plates of Plenty Potluck', '2021-10-04', NULL), 
	(40066, 20096, 30060, 'Feed the Spirit Summit', '2021-10-07', '2023-07-30'), 
	(40067, 20086, 30003, 'Nourish and Flourish Fiesta', '2021-11-09', NULL), 
	(40068, 20037, 30093, 'Harvesting Happiness Happening', '2021-11-21', '2023-11-18'), 
	(40069, 20004, 30100, 'Share the Joy Jamboree', '2021-12-10', NULL), 
	(40070, 20085, 30057, 'Food for Life Festival', '2021-12-16', NULL), 
	(40071, 20017, 30013, 'Caring Community Cookout', '2021-12-16', '2023-09-23'), 
	(40072, 20087, 30049, 'Vitality Volunteers Venture', '2021-12-16', NULL), 
	(40073, 20058, 30007, 'Feeding Hope Fair', '2022-02-01', '2023-12-28'), 
	(40074, 20058, 30024, 'Community Kitchen Carnival', '2022-02-04', '2024-04-02'), 
	(40075, 20087, 30030, 'Nourish the Need Rally', '2022-02-23', NULL), 
	(40076, 20086, 30082, 'Hunger-Free Huddle', '2022-02-26', '2024-01-09'), 
	(40077, 20007, 30012, 'Food Bank Fundraiser', '2022-03-15', NULL), 
	(40078, 20091, 30006, 'Feed and Flourish Fête', '2022-03-20', NULL), 
	(40079, 20091, 30004, 'Plates of Plenty Party', '2022-03-23', NULL), 
	(40080, 20081, 30095, 'Sowing Seeds of Support', '2022-03-24', '2024-02-20'), 
	(40081, 20017, 30044, 'Gather for Good Gathering', '2022-03-25', NULL), 
	(40082, 20067, 30010, 'Nutritious Neighbor Night', '2022-03-27', NULL), 
	(40083, 20020, 30090, 'Food Security Social', '2022-04-06', '2024-03-14'), 
	(40084, 20034, 30026, 'Unity for Upliftment Event', '2022-05-04', NULL), 
	(40085, 20086, 30068, 'Plateful of Hope Party', '2022-05-29', '2024-03-05'), 
	(40086, 20015, 30071, 'Nourish the Next Generation Gala', '2022-06-07', NULL), 
	(40087, 20055, 30075, 'Share the Table Social', '2022-06-07', NULL), 
	(40088, 20020, 30056, 'Grow and Give Gathering', '2022-06-24', '2023-12-30'), 
	(40089, 20076, 30020, 'Filling Pantries Fiesta', '2022-06-27', NULL), 
	(40090, 20099, 30034, 'Food for Thought Festivity', '2022-07-08', NULL), 
	(40091, 20004, 30021, 'Heartwarming Harvest Happening', '2022-09-12', NULL), 
	(40092, 20062, 30077, 'Nourishment Now Night', '2022-09-16', NULL), 
	(40093, 20049, 30033, 'Sustenance for All Soiree', '2022-10-18', NULL), 
	(40094, 20089, 30094, 'Community Care Carnival', '2022-10-19', '2024-07-11'), 
	(40095, 20070, 30029, 'Serving Hope Social', '2022-10-20', '2024-06-15'), 
	(40096, 20007, 30016, 'Abundance Affair', '2022-11-09', '2024-10-14'), 
	(40097, 20052, 30001, 'Giving Garden Gala', '2022-11-10', NULL), 
	(40098, 20043, 30067, 'Feeding Futures Festivity', '2022-11-15', NULL), 
	(40099, 20058, 30023, 'Unity in Nutrition Night', '2022-11-25', '2024-05-18'), 
	(40100, 20075, 30076, 'Plates of Plenty Potluck', '2022-12-01', NULL);

CREATE TABLE request 
(
	requestid 			INT(5) AUTO_INCREMENT,
	eventid 			INT(5),
	dategenerated 		DATE,
	status 				ENUM('Ongoing', 'Fulfilled', 'Cancelled'),
	type 				ENUM('Meat', 'Vegetable', 'Fruit', 'Bread', 'Others'),
	targetcollection 	DECIMAL(5,2),
	amountcollected 	DECIMAL(5,2),
	PRIMARY KEY (requestid),
	FOREIGN KEY (eventid) REFERENCES 
		event (eventid)
);

INSERT INTO request (requestid, eventid, dategenerated, status, type, targetcollection, amountcollected)
VALUES
	(70001, 40090, '2022-07-11', 'Ongoing', 'Meat', 134, 89.45), 
	(70002, 40075, '2022-03-14', 'Ongoing', 'Others', 73, 38.99), 
	(70003, 40015, '2020-06-26', 'Ongoing', 'Meat', 137, 33.24), 
	(70004, 40054, '2021-05-31', 'Ongoing', 'Bread', 150, 144.59), 
	(70005, 40074, '2022-02-24', 'Ongoing', 'Others', 55, 19.99), 
	(70006, 40077, '2022-04-13', 'Ongoing', 'Meat', 21, 5.7), 
	(70007, 40093, '2022-10-29', 'Fulfilled', 'Meat', 118, 118), 
	(70008, 40084, '2022-05-09', 'Ongoing', 'Meat', 137, 102.84), 
	(70009, 40052, '2021-05-15', 'Fulfilled', 'Others', 95, 95), 
	(70010, 40003, '2020-02-12', 'Fulfilled', 'Vegetable', 14, 14), 
	(70011, 40037, '2021-01-19', 'Ongoing', 'Vegetable', 21, 7.52), 
	(70012, 40018, '2020-08-11', 'Ongoing', 'Others', 47, 20.74), 
	(70013, 40070, '2022-01-10', 'Cancelled', 'Vegetable', 128, 17.76), 
	(70014, 40082, '2022-04-10', 'Ongoing', 'Meat', 17, 14.51), 
	(70015, 40039, '2021-02-16', 'Ongoing', 'Bread', 44, 30.95), 
	(70016, 40009, '2020-04-24', 'Ongoing', 'Meat', 108, 77.6), 
	(70017, 40023, '2020-09-25', 'Cancelled', 'Meat', 86, 45.46), 
	(70018, 40079, '2022-04-19', 'Fulfilled', 'Others', 103, 103), 
	(70019, 40033, '2021-01-02', 'Fulfilled', 'Fruit', 10, 10), 
	(70020, 40045, '2021-03-22', 'Fulfilled', 'Meat', 67, 67), 
	(70021, 40044, '2021-03-18', 'Cancelled', 'Vegetable', 35, 2.87), 
	(70022, 40016, '2020-07-17', 'Cancelled', 'Fruit', 46, 4.15), 
	(70023, 40086, '2022-06-17', 'Ongoing', 'Others', 14, 6.62), 
	(70024, 40058, '2021-08-09', 'Fulfilled', 'Vegetable', 57, 57), 
	(70025, 40094, '2022-11-16', 'Fulfilled', 'Meat', 15, 15), 
	(70026, 40043, '2021-03-03', 'Ongoing', 'Others', 70, 12.41), 
	(70027, 40067, '2021-12-04', 'Ongoing', 'Vegetable', 99, 3.96), 
	(70028, 40037, '2021-01-28', 'Cancelled', 'Bread', 125, 50.5), 
	(70029, 40009, '2020-04-13', 'Fulfilled', 'Meat', 69, 69), 
	(70030, 40080, '2022-03-28', 'Fulfilled', 'Bread', 10, 10), 
	(70031, 40055, '2021-07-11', 'Cancelled', 'Fruit', 101, 17.56), 
	(70032, 40046, '2021-04-05', 'Ongoing', 'Meat', 53, 47.6), 
	(70033, 40002, '2020-01-28', 'Cancelled', 'Others', 78, 35.87), 
	(70034, 40023, '2020-10-09', 'Fulfilled', 'Meat', 134, 134), 
	(70035, 40060, '2021-09-02', 'Cancelled', 'Meat', 66, 40.19), 
	(70036, 40053, '2021-06-14', 'Ongoing', 'Others', 20, 8.64), 
	(70037, 40084, '2022-05-31', 'Fulfilled', 'Meat', 146, 146), 
	(70038, 40059, '2021-08-16', 'Ongoing', 'Others', 71, 22.26), 
	(70039, 40083, '2022-04-15', 'Ongoing', 'Bread', 122, 29.93), 
	(70040, 40081, '2022-04-19', 'Fulfilled', 'Bread', 114, 114), 
	(70041, 40074, '2022-02-24', 'Cancelled', 'Bread', 47, 34.88), 
	(70042, 40056, '2021-07-07', 'Fulfilled', 'Vegetable', 30, 30), 
	(70043, 40071, '2021-12-24', 'Ongoing', 'Meat', 15, 14.15), 
	(70044, 40088, '2022-07-22', 'Ongoing', 'Others', 61, 52.09), 
	(70045, 40008, '2020-04-03', 'Fulfilled', 'Others', 74, 74), 
	(70046, 40005, '2020-03-10', 'Ongoing', 'Bread', 104, 80.65), 
	(70047, 40037, '2021-01-25', 'Ongoing', 'Vegetable', 148, 127.4), 
	(70048, 40006, '2020-03-03', 'Ongoing', 'Meat', 58, 50.77), 
	(70049, 40068, '2021-12-05', 'Fulfilled', 'Vegetable', 76, 76), 
	(70050, 40071, '2022-01-14', 'Cancelled', 'Fruit', 29, 23.5), 
	(70051, 40001, '2020-01-29', 'Cancelled', 'Bread', 10, 3.86), 
	(70052, 40097, '2022-11-27', 'Fulfilled', 'Others', 41, 41), 
	(70053, 40080, '2022-04-14', 'Fulfilled', 'Meat', 18, 18), 
	(70054, 40028, '2020-11-22', 'Ongoing', 'Bread', 118, 48.32), 
	(70055, 40053, '2021-06-20', 'Ongoing', 'Others', 148, 136.13), 
	(70056, 40046, '2021-04-07', 'Fulfilled', 'Others', 95, 95), 
	(70057, 40079, '2022-04-21', 'Ongoing', 'Vegetable', 31, 15.24), 
	(70058, 40037, '2021-01-30', 'Fulfilled', 'Others', 121, 121), 
	(70059, 40044, '2021-03-26', 'Ongoing', 'Meat', 30, 5.38), 
	(70060, 40073, '2022-02-10', 'Fulfilled', 'Fruit', 29, 29), 
	(70061, 40085, '2022-06-22', 'Fulfilled', 'Vegetable', 147, 147), 
	(70062, 40098, '2022-11-20', 'Fulfilled', 'Vegetable', 107, 107), 
	(70063, 40075, '2022-02-26', 'Ongoing', 'Vegetable', 132, 41.8), 
	(70064, 40058, '2021-08-23', 'Ongoing', 'Fruit', 83, 5.61), 
	(70065, 40023, '2020-10-08', 'Ongoing', 'Others', 51, 3.64), 
	(70066, 40098, '2022-12-11', 'Cancelled', 'Others', 133, 110.06), 
	(70067, 40087, '2022-07-01', 'Cancelled', 'Others', 21, 15.69), 
	(70068, 40019, '2020-08-20', 'Fulfilled', 'Vegetable', 87, 87), 
	(70069, 40003, '2020-02-02', 'Fulfilled', 'Bread', 79, 79), 
	(70070, 40036, '2021-01-18', 'Ongoing', 'Fruit', 46, 3.04), 
	(70071, 40050, '2021-04-14', 'Fulfilled', 'Vegetable', 18, 18), 
	(70072, 40064, '2021-10-01', 'Cancelled', 'Fruit', 84, 56.48), 
	(70073, 40086, '2022-07-01', 'Cancelled', 'Bread', 27, 16.41), 
	(70074, 40058, '2021-08-16', 'Ongoing', 'Bread', 22, 16.59), 
	(70075, 40067, '2021-12-09', 'Ongoing', 'Vegetable', 44, 31.14), 
	(70076, 40049, '2021-04-07', 'Ongoing', 'Meat', 105, 52.14), 
	(70077, 40070, '2021-12-18', 'Cancelled', 'Meat', 73, 53.83), 
	(70078, 40088, '2022-07-03', 'Ongoing', 'Bread', 53, 44.76), 
	(70079, 40013, '2020-06-02', 'Cancelled', 'Vegetable', 88, 38.98), 
	(70080, 40002, '2020-02-19', 'Ongoing', 'Others', 115, 12.69), 
	(70081, 40028, '2020-11-27', 'Cancelled', 'Others', 30, 23.46), 
	(70082, 40004, '2020-02-15', 'Ongoing', 'Bread', 34, 5.44), 
	(70083, 40056, '2021-07-24', 'Ongoing', 'Fruit', 47, 12.39), 
	(70084, 40044, '2021-03-24', 'Ongoing', 'Meat', 53, 9.75), 
	(70085, 40054, '2021-06-28', 'Ongoing', 'Others', 138, 35.94), 
	(70086, 40026, '2020-10-09', 'Cancelled', 'Fruit', 37, 5.34), 
	(70087, 40063, '2021-10-12', 'Ongoing', 'Meat', 120, 14.44), 
	(70088, 40092, '2022-10-01', 'Fulfilled', 'Bread', 106, 106), 
	(70089, 40082, '2022-03-28', 'Ongoing', 'Fruit', 71, 69.96), 
	(70090, 40055, '2021-06-29', 'Ongoing', 'Fruit', 96, 80.69), 
	(70091, 40038, '2021-02-21', 'Cancelled', 'Bread', 140, 21.6), 
	(70092, 40100, '2022-12-13', 'Fulfilled', 'Vegetable', 141, 141), 
	(70093, 40014, '2020-06-06', 'Fulfilled', 'Bread', 89, 89), 
	(70094, 40045, '2021-04-15', 'Ongoing', 'Others', 38, 11.31), 
	(70095, 40035, '2021-01-05', 'Ongoing', 'Others', 76, 38.57), 
	(70096, 40094, '2022-11-10', 'Ongoing', 'Others', 33, 17.98), 
	(70097, 40075, '2022-03-01', 'Fulfilled', 'Vegetable', 134, 134), 
	(70098, 40089, '2022-07-01', 'Ongoing', 'Bread', 41, 9.66), 
	(70099, 40053, '2021-06-01', 'Ongoing', 'Fruit', 110, 73.64), 
	(70100, 40039, '2021-02-07', 'Fulfilled', 'Fruit', 91, 91), 
	(70101, 40038, '2021-02-22', 'Ongoing', 'Meat', 136, 61.59), 
	(70102, 40090, '2022-07-15', 'Cancelled', 'Meat', 64, 42.24), 
	(70103, 40006, '2020-02-22', 'Ongoing', 'Meat', 90, 22.19), 
	(70104, 40014, '2020-06-07', 'Ongoing', 'Fruit', 91, 24.87), 
	(70105, 40017, '2020-07-19', 'Cancelled', 'Meat', 51, 10.5), 
	(70106, 40065, '2021-10-10', 'Ongoing', 'Others', 21, 18.64), 
	(70107, 40057, '2021-07-15', 'Cancelled', 'Others', 42, 3.68), 
	(70108, 40066, '2021-10-16', 'Cancelled', 'Meat', 15, 13.67), 
	(70109, 40035, '2020-12-22', 'Fulfilled', 'Fruit', 53, 53), 
	(70110, 40016, '2020-07-17', 'Ongoing', 'Meat', 8, 5.44), 
	(70111, 40008, '2020-04-11', 'Ongoing', 'Bread', 142, 138.71), 
	(70112, 40039, '2021-02-12', 'Cancelled', 'Others', 70, 21.53), 
	(70113, 40033, '2020-12-28', 'Fulfilled', 'Fruit', 92, 92), 
	(70114, 40071, '2021-12-24', 'Fulfilled', 'Bread', 102, 102), 
	(70115, 40062, '2021-09-29', 'Ongoing', 'Others', 136, 48.06), 
	(70116, 40003, '2020-02-20', 'Ongoing', 'Fruit', 133, 98.48), 
	(70117, 40093, '2022-10-24', 'Ongoing', 'Others', 45, 25.73), 
	(70118, 40091, '2022-09-30', 'Ongoing', 'Meat', 109, 43.29), 
	(70119, 40067, '2021-12-08', 'Cancelled', 'Others', 102, 61.91), 
	(70120, 40034, '2020-12-09', 'Ongoing', 'Fruit', 78, 18.71), 
	(70121, 40028, '2020-11-11', 'Fulfilled', 'Bread', 115, 115), 
	(70122, 40011, '2020-06-03', 'Ongoing', 'Meat', 13, 8.88), 
	(70123, 40041, '2021-02-22', 'Ongoing', 'Bread', 102, 42.26), 
	(70124, 40063, '2021-09-26', 'Ongoing', 'Bread', 97, 66.66), 
	(70125, 40059, '2021-09-04', 'Fulfilled', 'Vegetable', 81, 81), 
	(70126, 40072, '2022-01-05', 'Ongoing', 'Bread', 137, 26.64), 
	(70127, 40048, '2021-04-24', 'Fulfilled', 'Bread', 39, 39), 
	(70128, 40096, '2022-11-23', 'Cancelled', 'Meat', 11, 3.14), 
	(70129, 40037, '2021-01-19', 'Fulfilled', 'Bread', 29, 29), 
	(70130, 40048, '2021-04-15', 'Fulfilled', 'Meat', 53, 53), 
	(70131, 40071, '2021-12-21', 'Ongoing', 'Meat', 64, 60.71), 
	(70132, 40050, '2021-05-03', 'Ongoing', 'Meat', 100, 54.78), 
	(70133, 40070, '2021-12-29', 'Ongoing', 'Meat', 65, 28.12), 
	(70134, 40054, '2021-06-22', 'Cancelled', 'Others', 6, 2.88), 
	(70135, 40031, '2020-12-16', 'Ongoing', 'Others', 25, 12.19), 
	(70136, 40043, '2021-03-25', 'Cancelled', 'Meat', 137, 120.47), 
	(70137, 40033, '2020-12-23', 'Fulfilled', 'Vegetable', 114, 114), 
	(70138, 40051, '2021-04-29', 'Ongoing', 'Others', 136, 33.6), 
	(70139, 40028, '2020-11-07', 'Ongoing', 'Meat', 74, 71.46), 
	(70140, 40048, '2021-04-14', 'Fulfilled', 'Vegetable', 141, 141), 
	(70141, 40047, '2021-03-31', 'Ongoing', 'Fruit', 9, 8.76), 
	(70142, 40026, '2020-09-30', 'Cancelled', 'Vegetable', 12, 11.63), 
	(70143, 40059, '2021-08-18', 'Cancelled', 'Others', 41, 36.39), 
	(70144, 40018, '2020-08-20', 'Fulfilled', 'Meat', 13, 13), 
	(70145, 40066, '2021-10-26', 'Ongoing', 'Bread', 137, 118.36), 
	(70146, 40087, '2022-06-13', 'Fulfilled', 'Meat', 42, 42), 
	(70147, 40084, '2022-05-27', 'Ongoing', 'Others', 34, 6.63), 
	(70148, 40083, '2022-05-01', 'Fulfilled', 'Meat', 45, 45), 
	(70149, 40027, '2020-10-31', 'Fulfilled', 'Vegetable', 110, 110), 
	(70150, 40024, '2020-09-26', 'Fulfilled', 'Vegetable', 76, 76), 
	(70151, 40057, '2021-07-17', 'Fulfilled', 'Vegetable', 33, 33), 
	(70152, 40050, '2021-04-13', 'Fulfilled', 'Bread', 55, 55), 
	(70153, 40069, '2022-01-05', 'Ongoing', 'Fruit', 58, 45.61), 
	(70154, 40008, '2020-03-26', 'Ongoing', 'Meat', 136, 78.68), 
	(70155, 40021, '2020-09-05', 'Cancelled', 'Fruit', 137, 99.24), 
	(70156, 40096, '2022-12-01', 'Cancelled', 'Meat', 22, 17.63), 
	(70157, 40052, '2021-04-30', 'Ongoing', 'Meat', 6, 1.58), 
	(70158, 40083, '2022-04-09', 'Fulfilled', 'Others', 118, 118), 
	(70159, 40066, '2021-10-24', 'Cancelled', 'Meat', 10, 7.66), 
	(70160, 40039, '2021-02-22', 'Cancelled', 'Bread', 83, 34.03), 
	(70161, 40029, '2020-11-13', 'Cancelled', 'Bread', 97, 40.56), 
	(70162, 40087, '2022-07-06', 'Cancelled', 'Bread', 129, 124.44), 
	(70163, 40008, '2020-03-29', 'Cancelled', 'Meat', 36, 34.88), 
	(70164, 40054, '2021-06-19', 'Ongoing', 'Others', 18, 3.49), 
	(70165, 40043, '2021-03-27', 'Fulfilled', 'Fruit', 109, 109), 
	(70166, 40080, '2022-03-30', 'Cancelled', 'Meat', 33, 10.42), 
	(70167, 40073, '2022-02-07', 'Ongoing', 'Vegetable', 143, 37.69), 
	(70168, 40023, '2020-09-23', 'Ongoing', 'Bread', 66, 59.27), 
	(70169, 40064, '2021-10-16', 'Fulfilled', 'Others', 43, 43), 
	(70170, 40060, '2021-08-21', 'Ongoing', 'Bread', 66, 33.6), 
	(70171, 40046, '2021-03-25', 'Fulfilled', 'Fruit', 48, 48), 
	(70172, 40097, '2022-11-18', 'Ongoing', 'Fruit', 125, 15.88), 
	(70173, 40086, '2022-06-29', 'Ongoing', 'Vegetable', 37, 27.77), 
	(70174, 40081, '2022-04-11', 'Ongoing', 'Bread', 6, 3.08), 
	(70175, 40081, '2022-04-07', 'Fulfilled', 'Others', 118, 118), 
	(70176, 40030, '2020-11-28', 'Ongoing', 'Bread', 122, 121.2), 
	(70177, 40097, '2022-12-10', 'Ongoing', 'Meat', 94, 65.63), 
	(70178, 40040, '2021-02-28', 'Fulfilled', 'Meat', 37, 37), 
	(70179, 40087, '2022-06-28', 'Fulfilled', 'Meat', 52, 52), 
	(70180, 40023, '2020-09-21', 'Ongoing', 'Bread', 21, 18.92), 
	(70181, 40001, '2020-01-21', 'Fulfilled', 'Bread', 66, 66), 
	(70182, 40030, '2020-12-18', 'Fulfilled', 'Bread', 61, 61), 
	(70183, 40100, '2022-12-21', 'Cancelled', 'Others', 103, 77), 
	(70184, 40098, '2022-12-08', 'Ongoing', 'Others', 47, 31.71), 
	(70185, 40083, '2022-04-16', 'Cancelled', 'Others', 39, 5.62), 
	(70186, 40040, '2021-02-20', 'Ongoing', 'Meat', 119, 31.99), 
	(70187, 40053, '2021-06-18', 'Ongoing', 'Others', 55, 49.16), 
	(70188, 40093, '2022-11-13', 'Fulfilled', 'Vegetable', 71, 71), 
	(70189, 40084, '2022-06-02', 'Ongoing', 'Meat', 60, 28.15), 
	(70190, 40055, '2021-07-15', 'Ongoing', 'Others', 69, 55.59), 
	(70191, 40064, '2021-10-23', 'Fulfilled', 'Others', 63, 63), 
	(70192, 40030, '2020-11-26', 'Ongoing', 'Others', 105, 55.39), 
	(70193, 40063, '2021-10-03', 'Fulfilled', 'Fruit', 137, 137), 
	(70194, 40081, '2022-04-02', 'Cancelled', 'Vegetable', 122, 59.46), 
	(70195, 40066, '2021-10-18', 'Cancelled', 'Vegetable', 70, 63.49), 
	(70196, 40041, '2021-02-20', 'Fulfilled', 'Vegetable', 128, 128), 
	(70197, 40058, '2021-08-04', 'Ongoing', 'Vegetable', 149, 78.79), 
	(70198, 40100, '2022-12-18', 'Ongoing', 'Meat', 40, 29.24), 
	(70199, 40008, '2020-03-27', 'Ongoing', 'Meat', 35, 14.12), 
	(70200, 40055, '2021-07-22', 'Ongoing', 'Vegetable', 104, 19.57), 
	(70201, 40013, '2020-06-18', 'Ongoing', 'Vegetable', 73, 12.83), 
	(70202, 40025, '2020-10-18', 'Fulfilled', 'Vegetable', 110, 110), 
	(70203, 40067, '2021-12-07', 'Fulfilled', 'Bread', 134, 134), 
	(70204, 40076, '2022-03-16', 'Fulfilled', 'Vegetable', 46, 46), 
	(70205, 40085, '2022-06-08', 'Fulfilled', 'Vegetable', 91, 91), 
	(70206, 40007, '2020-03-21', 'Ongoing', 'Bread', 130, 3.76), 
	(70207, 40066, '2021-11-02', 'Fulfilled', 'Others', 114, 114), 
	(70208, 40081, '2022-04-22', 'Cancelled', 'Others', 101, 60.15), 
	(70209, 40096, '2022-12-05', 'Ongoing', 'Vegetable', 31, 24.37), 
	(70210, 40003, '2020-02-17', 'Ongoing', 'Bread', 145, 88.27), 
	(70211, 40068, '2021-12-08', 'Cancelled', 'Meat', 25, 15.53), 
	(70212, 40007, '2020-04-11', 'Fulfilled', 'Fruit', 106, 106), 
	(70213, 40014, '2020-06-05', 'Fulfilled', 'Meat', 32, 32), 
	(70214, 40038, '2021-01-31', 'Ongoing', 'Bread', 142, 98.67), 
	(70215, 40093, '2022-10-28', 'Cancelled', 'Fruit', 144, 13.96), 
	(70216, 40069, '2021-12-29', 'Ongoing', 'Others', 69, 55.41), 
	(70217, 40063, '2021-09-26', 'Ongoing', 'Meat', 104, 41.7), 
	(70218, 40073, '2022-02-21', 'Fulfilled', 'Others', 33, 33), 
	(70219, 40013, '2020-06-07', 'Fulfilled', 'Vegetable', 143, 143), 
	(70220, 40062, '2021-09-19', 'Fulfilled', 'Vegetable', 145, 145), 
	(70221, 40021, '2020-08-20', 'Ongoing', 'Fruit', 106, 92.15), 
	(70222, 40045, '2021-03-29', 'Fulfilled', 'Bread', 143, 143), 
	(70223, 40069, '2021-12-22', 'Ongoing', 'Meat', 43, 42.46), 
	(70224, 40046, '2021-04-07', 'Ongoing', 'Others', 66, 37.08), 
	(70225, 40023, '2020-10-02', 'Ongoing', 'Meat', 145, 13.49), 
	(70226, 40060, '2021-08-23', 'Fulfilled', 'Others', 7, 7), 
	(70227, 40060, '2021-09-09', 'Fulfilled', 'Others', 61, 61), 
	(70228, 40058, '2021-08-17', 'Ongoing', 'Vegetable', 130, 87.84), 
	(70229, 40065, '2021-10-21', 'Ongoing', 'Fruit', 43, 36.77), 
	(70230, 40098, '2022-12-15', 'Ongoing', 'Fruit', 19, 2.47), 
	(70231, 40099, '2022-12-10', 'Ongoing', 'Fruit', 106, 95.47), 
	(70232, 40092, '2022-09-30', 'Ongoing', 'Bread', 57, 45.46), 
	(70233, 40047, '2021-04-13', 'Ongoing', 'Others', 86, 50.55), 
	(70234, 40037, '2021-01-26', 'Cancelled', 'Bread', 15, 8.94), 
	(70235, 40043, '2021-03-09', 'Ongoing', 'Bread', 117, 85.2), 
	(70236, 40078, '2022-03-28', 'Fulfilled', 'Others', 63, 63), 
	(70237, 40006, '2020-02-28', 'Ongoing', 'Bread', 65, 54.43), 
	(70238, 40095, '2022-11-04', 'Fulfilled', 'Others', 148, 148), 
	(70239, 40090, '2022-07-19', 'Cancelled', 'Bread', 82, 49.14), 
	(70240, 40069, '2022-01-02', 'Cancelled', 'Bread', 40, 25.87), 
	(70241, 40015, '2020-07-12', 'Ongoing', 'Meat', 146, 91.47), 
	(70242, 40074, '2022-02-20', 'Fulfilled', 'Bread', 42, 42), 
	(70243, 40039, '2021-02-27', 'Ongoing', 'Meat', 60, 58.56), 
	(70244, 40096, '2022-11-11', 'Cancelled', 'Meat', 112, 110.32), 
	(70245, 40031, '2020-12-27', 'Fulfilled', 'Meat', 120, 120), 
	(70246, 40060, '2021-08-12', 'Fulfilled', 'Vegetable', 34, 34), 
	(70247, 40082, '2022-04-01', 'Ongoing', 'Meat', 145, 95.62), 
	(70248, 40080, '2022-04-22', 'Fulfilled', 'Fruit', 21, 21), 
	(70249, 40007, '2020-04-08', 'Fulfilled', 'Fruit', 99, 99), 
	(70250, 40018, '2020-08-13', 'Ongoing', 'Others', 63, 4.47), 
	(70251, 40094, '2022-11-16', 'Ongoing', 'Vegetable', 39, 6.31), 
	(70252, 40045, '2021-03-20', 'Ongoing', 'Meat', 54, 10.02), 
	(70253, 40077, '2022-04-04', 'Cancelled', 'Bread', 66, 29.48), 
	(70254, 40086, '2022-07-02', 'Ongoing', 'Vegetable', 12, 7.28), 
	(70255, 40098, '2022-12-14', 'Fulfilled', 'Meat', 90, 90), 
	(70256, 40018, '2020-08-21', 'Cancelled', 'Bread', 71, 60.41), 
	(70257, 40070, '2022-01-09', 'Ongoing', 'Vegetable', 33, 31.74), 
	(70258, 40033, '2020-12-12', 'Ongoing', 'Others', 31, 28.49), 
	(70259, 40029, '2020-11-22', 'Cancelled', 'Bread', 29, 4.64), 
	(70260, 40099, '2022-12-12', 'Fulfilled', 'Vegetable', 77, 77), 
	(70261, 40027, '2020-11-15', 'Fulfilled', 'Meat', 58, 58), 
	(70262, 40065, '2021-10-06', 'Ongoing', 'Vegetable', 82, 20.14), 
	(70263, 40066, '2021-10-17', 'Fulfilled', 'Others', 87, 87), 
	(70264, 40023, '2020-10-04', 'Fulfilled', 'Fruit', 87, 87), 
	(70265, 40100, '2022-12-10', 'Fulfilled', 'Bread', 65, 65), 
	(70266, 40072, '2021-12-25', 'Fulfilled', 'Fruit', 13, 13), 
	(70267, 40056, '2021-07-22', 'Ongoing', 'Vegetable', 21, 14.52), 
	(70268, 40004, '2020-02-07', 'Ongoing', 'Others', 136, 47.89), 
	(70269, 40065, '2021-11-01', 'Cancelled', 'Vegetable', 108, 23.15), 
	(70270, 40003, '2020-02-06', 'Fulfilled', 'Vegetable', 102, 102), 
	(70271, 40012, '2020-05-27', 'Ongoing', 'Meat', 54, 17.79), 
	(70272, 40002, '2020-02-12', 'Ongoing', 'Others', 12, 4.99), 
	(70273, 40023, '2020-09-23', 'Fulfilled', 'Others', 49, 49), 
	(70274, 40065, '2021-10-30', 'Ongoing', 'Bread', 27, 18.1), 
	(70275, 40063, '2021-09-23', 'Ongoing', 'Others', 56, 50.02), 
	(70276, 40048, '2021-04-04', 'Fulfilled', 'Bread', 7, 7), 
	(70277, 40053, '2021-06-23', 'Ongoing', 'Others', 8, 4.72), 
	(70278, 40030, '2020-12-15', 'Cancelled', 'Meat', 48, 21.66), 
	(70279, 40029, '2020-11-11', 'Ongoing', 'Others', 144, 61.98), 
	(70280, 40041, '2021-03-03', 'Ongoing', 'Others', 8, 6.62), 
	(70281, 40093, '2022-11-08', 'Fulfilled', 'Others', 82, 82), 
	(70282, 40026, '2020-10-15', 'Fulfilled', 'Bread', 132, 132), 
	(70283, 40033, '2021-01-02', 'Fulfilled', 'Others', 142, 142), 
	(70284, 40035, '2021-01-18', 'Ongoing', 'Vegetable', 70, 10.4), 
	(70285, 40033, '2020-12-11', 'Fulfilled', 'Bread', 54, 54), 
	(70286, 40051, '2021-04-20', 'Ongoing', 'Bread', 136, 116.05), 
	(70287, 40098, '2022-11-16', 'Fulfilled', 'Bread', 117, 117), 
	(70288, 40095, '2022-11-14', 'Fulfilled', 'Meat', 31, 31), 
	(70289, 40066, '2021-10-28', 'Ongoing', 'Meat', 40, 6.63), 
	(70290, 40047, '2021-04-23', 'Ongoing', 'Meat', 117, 116.74), 
	(70291, 40092, '2022-10-07', 'Cancelled', 'Others', 149, 28.9), 
	(70292, 40007, '2020-04-01', 'Cancelled', 'Meat', 57, 51.13), 
	(70293, 40076, '2022-03-21', 'Ongoing', 'Meat', 47, 18.56), 
	(70294, 40090, '2022-07-26', 'Ongoing', 'Fruit', 111, 1.55), 
	(70295, 40066, '2021-10-31', 'Ongoing', 'Meat', 45, 4.35), 
	(70296, 40065, '2021-10-25', 'Fulfilled', 'Bread', 88, 88), 
	(70297, 40010, '2020-05-06', 'Fulfilled', 'Vegetable', 28, 28), 
	(70298, 40011, '2020-06-06', 'Fulfilled', 'Meat', 5, 5), 
	(70299, 40051, '2021-04-15', 'Ongoing', 'Meat', 24, 6.01), 
	(70300, 40018, '2020-08-04', 'Cancelled', 'Others', 129, 47.4), 
	(70301, 40076, '2022-03-07', 'Ongoing', 'Others', 28, 8.15), 
	(70302, 40042, '2021-03-05', 'Ongoing', 'Vegetable', 132, 18.37), 
	(70303, 40087, '2022-06-25', 'Fulfilled', 'Others', 64, 64), 
	(70304, 40004, '2020-02-26', 'Fulfilled', 'Others', 23, 23), 
	(70305, 40080, '2022-04-19', 'Fulfilled', 'Others', 18, 18), 
	(70306, 40090, '2022-07-25', 'Ongoing', 'Meat', 22, 7.59), 
	(70307, 40031, '2021-01-02', 'Ongoing', 'Fruit', 12, 11.42), 
	(70308, 40068, '2021-12-17', 'Cancelled', 'Meat', 92, 21.35), 
	(70309, 40056, '2021-07-13', 'Ongoing', 'Bread', 80, 52.42), 
	(70310, 40030, '2020-12-14', 'Ongoing', 'Vegetable', 55, 28.85), 
	(70311, 40065, '2021-10-31', 'Ongoing', 'Meat', 115, 71.62), 
	(70312, 40030, '2020-12-18', 'Cancelled', 'Bread', 84, 65.36), 
	(70313, 40053, '2021-06-28', 'Cancelled', 'Bread', 79, 52.54), 
	(70314, 40089, '2022-07-19', 'Fulfilled', 'Fruit', 19, 19), 
	(70315, 40024, '2020-10-16', 'Ongoing', 'Meat', 109, 77.81), 
	(70316, 40005, '2020-03-03', 'Fulfilled', 'Others', 141, 141), 
	(70317, 40024, '2020-10-08', 'Ongoing', 'Meat', 79, 53.23), 
	(70318, 40083, '2022-04-27', 'Cancelled', 'Vegetable', 100, 27.18), 
	(70319, 40086, '2022-06-17', 'Fulfilled', 'Meat', 24, 24), 
	(70320, 40063, '2021-10-03', 'Fulfilled', 'Bread', 59, 59), 
	(70321, 40038, '2021-02-05', 'Ongoing', 'Meat', 128, 46.88), 
	(70322, 40036, '2021-01-26', 'Fulfilled', 'Vegetable', 100, 100), 
	(70323, 40078, '2022-04-17', 'Cancelled', 'Fruit', 74, 20.63), 
	(70324, 40083, '2022-04-09', 'Fulfilled', 'Meat', 118, 118), 
	(70325, 40066, '2021-10-12', 'Ongoing', 'Others', 127, 30.57), 
	(70326, 40070, '2022-01-05', 'Ongoing', 'Others', 100, 23.61), 
	(70327, 40072, '2022-01-09', 'Fulfilled', 'Meat', 23, 23), 
	(70328, 40048, '2021-04-28', 'Ongoing', 'Meat', 96, 73.12), 
	(70329, 40099, '2022-12-02', 'Fulfilled', 'Bread', 13, 13), 
	(70330, 40018, '2020-08-21', 'Ongoing', 'Meat', 38, 20.12), 
	(70331, 40014, '2020-06-19', 'Ongoing', 'Fruit', 44, 34.23), 
	(70332, 40039, '2021-02-11', 'Ongoing', 'Bread', 75, 46.34), 
	(70333, 40081, '2022-03-31', 'Ongoing', 'Vegetable', 99, 85.07), 
	(70334, 40025, '2020-09-30', 'Fulfilled', 'Others', 44, 44), 
	(70335, 40058, '2021-08-23', 'Fulfilled', 'Bread', 126, 126), 
	(70336, 40073, '2022-02-10', 'Fulfilled', 'Vegetable', 13, 13), 
	(70337, 40022, '2020-09-15', 'Ongoing', 'Others', 32, 5.39), 
	(70338, 40077, '2022-04-03', 'Cancelled', 'Meat', 125, 100.84), 
	(70339, 40006, '2020-02-23', 'Ongoing', 'Others', 104, 74.72), 
	(70340, 40033, '2020-12-26', 'Fulfilled', 'Bread', 61, 61), 
	(70341, 40025, '2020-10-14', 'Cancelled', 'Others', 50, 42.17), 
	(70342, 40037, '2021-02-07', 'Ongoing', 'Meat', 120, 74.91), 
	(70343, 40013, '2020-06-19', 'Fulfilled', 'Bread', 65, 65), 
	(70344, 40031, '2020-12-27', 'Fulfilled', 'Bread', 124, 124), 
	(70345, 40038, '2021-02-16', 'Ongoing', 'Others', 146, 50.95), 
	(70346, 40085, '2022-06-06', 'Fulfilled', 'Fruit', 137, 137), 
	(70347, 40011, '2020-06-13', 'Fulfilled', 'Vegetable', 86, 86), 
	(70348, 40021, '2020-09-02', 'Fulfilled', 'Fruit', 145, 145), 
	(70349, 40082, '2022-04-14', 'Fulfilled', 'Others', 79, 79), 
	(70350, 40090, '2022-07-21', 'Fulfilled', 'Vegetable', 48, 48);

CREATE TABLE donation 
(
	donationid 		INT(5) AUTO_INCREMENT,
	donorid 		INT(5),
	requestid 		INT(5),
	dateofdonation 	DATE,
	amountdonated 	DECIMAL(5,2),
	PRIMARY KEY (donationid),
	FOREIGN KEY (donorid) REFERENCES 
		donor (donorid),
	FOREIGN KEY (requestid) REFERENCES 
		request (requestid)
);

INSERT INTO donation (donationid, donorid, requestid, dateofdonation, amountdonated) 
VALUES
	(50001, 10022, 70213, '2020-06-06', 26.29), 
	(50002, 10028, 70055, '2021-07-05', 117.88), 
	(50003, 10029, 70266, '2022-01-06', 13), 
	(50004, 10127, 70071, '2021-04-20', 6.32), 
	(50005, 10089, 70020, '2021-03-24', 21.69), 
	(50006, 10022, 70105, '2020-08-17', 6.17), 
	(50007, 10043, 70181, '2020-01-29', 14.57), 
	(50008, 10133, 70073, '2022-07-26', 12.8), 
	(50009, 10012, 70073, '2022-07-26', 1.35), 
	(50010, 10093, 70263, '2021-10-30', 37.12), 
	(50011, 10083, 70264, '2020-11-02', 50.22), 
	(50012, 10012, 70342, '2021-02-11', 48.09), 
	(50013, 10008, 70137, '2021-01-04', 101.22), 
	(50014, 10008, 70085, '2021-07-25', 18.14), 
	(50015, 10071, 70107, '2021-08-01', 2.49), 
	(50016, 10121, 70107, '2021-08-09', 1.19), 
	(50017, 10108, 70286, '2021-05-04', 85.34), 
	(50018, 10006, 70009, '2021-05-21', 2.96), 
	(50019, 10056, 70134, '2021-07-12', 2.71), 
	(50020, 10012, 70024, '2021-08-14', 30.65), 
	(50021, 10047, 70135, '2020-12-28', 7.37), 
	(50022, 10102, 70085, '2021-07-22', 17.8), 
	(50023, 10002, 70317, '2020-10-24', 29.82), 
	(50024, 10040, 70203, '2022-01-06', 106.97), 
	(50025, 10028, 70241, '2020-07-16', 31.99), 
	(50026, 10049, 70325, '2021-10-31', 19.5), 
	(50027, 10078, 70023, '2022-07-10', 4.3), 
	(50028, 10123, 70011, '2021-02-04', 7.52), 
	(50029, 10092, 70347, '2020-06-24', 44.54), 
	(50030, 10094, 70040, '2022-05-08', 88.39), 
	(50031, 10091, 70198, '2023-01-16', 10.17), 
	(50032, 10001, 70179, '2022-07-04', 31.52), 
	(50033, 10105, 70072, '2021-10-05', 42.29), 
	(50034, 10025, 70279, '2020-12-01', 54.1), 
	(50035, 10067, 70282, '2020-11-11', 82.21), 
	(50036, 10136, 70090, '2021-07-10', 19.56), 
	(50037, 10026, 70333, '2022-04-19', 76.69), 
	(50038, 10015, 70190, '2021-07-27', 18.74), 
	(50039, 10112, 70350, '2022-08-20', 19.98), 
	(50040, 10117, 70083, '2021-08-23', 2.83), 
	(50041, 10102, 70176, '2020-12-17', 96.53), 
	(50042, 10087, 70303, '2022-07-16', 51.18), 
	(50043, 10015, 70169, '2021-11-04', 34.76), 
	(50044, 10048, 70167, '2022-02-22', 24.88), 
	(50045, 10109, 70098, '2022-07-07', 8.95), 
	(50046, 10046, 70228, '2021-09-15', 50.02), 
	(50047, 10105, 70113, '2020-12-30', 91.53), 
	(50048, 10042, 70215, '2022-11-03', 13.96), 
	(50049, 10138, 70209, '2022-12-21', 1.26), 
	(50050, 10070, 70125, '2021-09-16', 36.79), 
	(50051, 10023, 70309, '2021-08-03', 42.11), 
	(50052, 10016, 70117, '2022-11-22', 11.45), 
	(50053, 10038, 70063, '2022-03-08', 25.32), 
	(50054, 10050, 70303, '2022-07-14', 9.9), 
	(50055, 10085, 70095, '2021-01-12', 18.95), 
	(50056, 10025, 70008, '2022-05-11', 44.78), 
	(50057, 10033, 70180, '2020-10-02', 8.23), 
	(50058, 10067, 70008, '2022-05-28', 12.73), 
	(50059, 10079, 70239, '2022-07-20', 24.34), 
	(50060, 10061, 70289, '2021-11-06', 5.1), 
	(50061, 10135, 70086, '2020-10-21', 4.8), 
	(50062, 10094, 70331, '2020-07-05', 27.56), 
	(50063, 10052, 70306, '2022-08-21', 6.73), 
	(50064, 10013, 70128, '2022-12-21', 1.57), 
	(50065, 10125, 70216, '2022-01-13', 18.6), 
	(50066, 10104, 70003, '2020-07-25', 21.3), 
	(50067, 10081, 70318, '2022-05-04', 20.58), 
	(50068, 10120, 70023, '2022-06-25', 2.32), 
	(50069, 10091, 70295, '2021-11-10', 4.29), 
	(50070, 10088, 70304, '2020-02-27', 14.1), 
	(50071, 10018, 70104, '2020-07-07', 7.13), 
	(50072, 10136, 70325, '2021-10-21', 8.72), 
	(50073, 10081, 70192, '2020-12-24', 49.24), 
	(50074, 10058, 70069, '2020-02-05', 28.08), 
	(50075, 10051, 70273, '2020-10-09', 47.05), 
	(50076, 10125, 70151, '2021-08-03', 1.47), 
	(50077, 10050, 70256, '2020-09-19', 5.33), 
	(50078, 10141, 70071, '2021-05-01', 1.3), 
	(50079, 10132, 70111, '2020-04-13', 121.93), 
	(50080, 10083, 70163, '2020-03-30', 33.25), 
	(50081, 10010, 70326, '2022-01-13', 8.42), 
	(50082, 10027, 70034, '2020-11-02', 15.47), 
	(50083, 10114, 70093, '2020-06-18', 68.38), 
	(50084, 10084, 70059, '2021-04-14', 1.27), 
	(50085, 10015, 70318, '2022-05-11', 3.1), 
	(50086, 10070, 70037, '2022-06-06', 104.13), 
	(50087, 10046, 70170, '2021-09-04', 21.13), 
	(50088, 10028, 70258, '2021-01-08', 12.73), 
	(50089, 10111, 70087, '2021-11-08', 9.36), 
	(50090, 10142, 70249, '2020-04-23', 52.65), 
	(50091, 10146, 70117, '2022-11-09', 7.69), 
	(50092, 10019, 70178, '2021-03-27', 1.63), 
	(50093, 10098, 70024, '2021-08-14', 4.55), 
	(50094, 10046, 70187, '2021-06-26', 3.54), 
	(50095, 10062, 70157, '2021-05-04', 1.58), 
	(50096, 10039, 70006, '2022-04-30', 5.02), 
	(50097, 10049, 70075, '2021-12-24', 29.29), 
	(50098, 10026, 70297, '2020-05-15', 28), 
	(50099, 10036, 70030, '2022-03-30', 1.76), 
	(50100, 10089, 70208, '2022-05-10', 32.95), 
	(50101, 10085, 70166, '2022-04-24', 6.81), 
	(50102, 10088, 70339, '2020-03-23', 11.58), 
	(50103, 10071, 70156, '2022-12-04', 10.37), 
	(50104, 10091, 70159, '2021-11-03', 7.66), 
	(50105, 10038, 70295, '2021-11-08', 0.06), 
	(50106, 10039, 70093, '2020-06-22', 12.18), 
	(50107, 10031, 70168, '2020-10-10', 10.13), 
	(50108, 10107, 70014, '2022-04-20', 11.33), 
	(50109, 10067, 70108, '2021-10-24', 4.89), 
	(50110, 10002, 70083, '2021-07-30', 1.89), 
	(50111, 10141, 70279, '2020-11-27', 4.48), 
	(50112, 10035, 70254, '2022-07-10', 3.03), 
	(50113, 10080, 70062, '2022-11-30', 15.92), 
	(50114, 10031, 70051, '2020-02-12', 1.91), 
	(50115, 10022, 70144, '2020-09-12', 6.02), 
	(50116, 10074, 70278, '2021-01-13', 12.01), 
	(50117, 10032, 70005, '2022-03-17', 7.27), 
	(50118, 10110, 70024, '2021-08-22', 21.8), 
	(50119, 10120, 70189, '2022-06-22', 16.32), 
	(50120, 10049, 70119, '2021-12-16', 30.4), 
	(50121, 10103, 70080, '2020-03-06', 2.07), 
	(50122, 10108, 70095, '2021-01-18', 2.08), 
	(50123, 10114, 70220, '2021-09-26', 131.78), 
	(50124, 10019, 70254, '2022-07-17', 2.83), 
	(50125, 10141, 70076, '2021-05-05', 3.15), 
	(50126, 10111, 70300, '2020-08-31', 2.11), 
	(50127, 10040, 70163, '2020-04-07', 1.02), 
	(50128, 10031, 70112, '2021-02-22', 10), 
	(50129, 10126, 70343, '2020-07-05', 49.84), 
	(50130, 10006, 70144, '2020-08-29', 3.22), 
	(50131, 10050, 70019, '2021-01-20', 7.81), 
	(50132, 10093, 70117, '2022-11-23', 6.59), 
	(50133, 10139, 70222, '2021-04-25', 106.26), 
	(50134, 10040, 70058, '2021-02-26', 18.55), 
	(50135, 10037, 70204, '2022-04-13', 33.69), 
	(50136, 10124, 70219, '2020-06-11', 61.77), 
	(50137, 10036, 70009, '2021-06-05', 83.79), 
	(50138, 10037, 70236, '2022-04-11', 12.65), 
	(50139, 10082, 70015, '2021-03-05', 10.42), 
	(50140, 10004, 70012, '2020-08-30', 11.02), 
	(50141, 10008, 70304, '2020-03-18', 6.87), 
	(50142, 10117, 70122, '2020-06-19', 8.88), 
	(50143, 10138, 70268, '2020-02-25', 21.26), 
	(50144, 10146, 70089, '2022-04-18', 58.97), 
	(50145, 10104, 70243, '2021-03-10', 36.35), 
	(50146, 10070, 70230, '2023-01-12', 2.47), 
	(50147, 10082, 70275, '2021-10-10', 42.59), 
	(50148, 10146, 70186, '2021-03-13', 25.77), 
	(50149, 10054, 70288, '2022-11-19', 12.09), 
	(50150, 10028, 70245, '2021-01-20', 111.61), 
	(50151, 10136, 70239, '2022-08-08', 17.74), 
	(50152, 10031, 70076, '2021-04-15', 30.02), 
	(50153, 10107, 70044, '2022-08-07', 49.31), 
	(50154, 10110, 70201, '2020-06-22', 9.44), 
	(50155, 10127, 70309, '2021-08-12', 6.29), 
	(50156, 10095, 70217, '2021-10-17', 5.19), 
	(50157, 10079, 70089, '2022-03-30', 5.05), 
	(50158, 10032, 70168, '2020-10-19', 39.49), 
	(50159, 10126, 70323, '2022-05-01', 2.66), 
	(50160, 10115, 70204, '2022-04-05', 8.26), 
	(50161, 10105, 70329, '2022-12-27', 11.68), 
	(50162, 10070, 70311, '2021-11-26', 44.34), 
	(50163, 10055, 70013, '2022-02-08', 8.68), 
	(50164, 10121, 70271, '2020-06-05', 12.61), 
	(50165, 10044, 70209, '2022-12-23', 12.38), 
	(50166, 10090, 70296, '2021-11-04', 76.04), 
	(50167, 10091, 70186, '2021-02-22', 2.35), 
	(50168, 10148, 70241, '2020-08-11', 23.96), 
	(50169, 10056, 70050, '2022-01-27', 8.26), 
	(50170, 10132, 70161, '2020-12-08', 16.96), 
	(50171, 10030, 70099, '2021-06-25', 11.94), 
	(50172, 10125, 70141, '2021-04-23', 3.04), 
	(50173, 10047, 70037, '2022-06-24', 1.71), 
	(50174, 10063, 70204, '2022-03-21', 4.05), 
	(50175, 10096, 70071, '2021-05-10', 10.39), 
	(50176, 10040, 70131, '2021-12-23', 51.48), 
	(50177, 10005, 70172, '2022-12-02', 6.8), 
	(50178, 10047, 70051, '2020-02-08', 1.95), 
	(50179, 10127, 70252, '2021-04-02', 9.92), 
	(50180, 10108, 70092, '2022-12-30', 59.39), 
	(50181, 10097, 70306, '2022-08-02', 0.86), 
	(50182, 10037, 70063, '2022-03-06', 15.38), 
	(50183, 10015, 70268, '2020-02-26', 19.38), 
	(50184, 10150, 70017, '2020-10-03', 28.8), 
	(50185, 10017, 70323, '2022-05-12', 11.61), 
	(50186, 10121, 70183, '2022-12-24', 15.26), 
	(50187, 10067, 70345, '2021-02-22', 49.21), 
	(50188, 10148, 70150, '2020-10-24', 37.07), 
	(50189, 10141, 70041, '2022-03-16', 34.88), 
	(50190, 10084, 70238, '2022-11-17', 127.86), 
	(50191, 10146, 70263, '2021-11-09', 39.16), 
	(50192, 10148, 70099, '2021-06-25', 54.87), 
	(50193, 10112, 70319, '2022-07-02', 5.23), 
	(50194, 10076, 70317, '2020-10-16', 13.23), 
	(50195, 10054, 70120, '2021-01-04', 18.38), 
	(50196, 10128, 70036, '2021-06-26', 8.04), 
	(50197, 10144, 70346, '2022-07-01', 135.62), 
	(50198, 10071, 70285, '2020-12-19', 4.68), 
	(50199, 10066, 70150, '2020-10-13', 34.5), 
	(50200, 10046, 70237, '2020-03-01', 35.86), 
	(50201, 10066, 70325, '2021-11-03', 2.35), 
	(50202, 10110, 70149, '2020-11-08', 82.65), 
	(50203, 10034, 70097, '2022-03-03', 33.77), 
	(50204, 10134, 70330, '2020-09-02', 10.56), 
	(50205, 10119, 70172, '2022-12-01', 9.08), 
	(50206, 10060, 70133, '2022-01-14', 21.48), 
	(50207, 10010, 70137, '2021-01-07', 6.97), 
	(50208, 10080, 70007, '2022-11-28', 35.09), 
	(50209, 10084, 70069, '2020-02-27', 40.63), 
	(50210, 10105, 70067, '2022-07-04', 1.94), 
	(50211, 10085, 70077, '2021-12-20', 40.55), 
	(50212, 10147, 70132, '2021-05-18', 40.3), 
	(50213, 10143, 70092, '2022-12-30', 29.37), 
	(50214, 10055, 70017, '2020-10-11', 5.96), 
	(50215, 10107, 70270, '2020-02-16', 55.44), 
	(50216, 10122, 70050, '2022-01-29', 15.24), 
	(50217, 10108, 70184, '2022-12-25', 5.31), 
	(50218, 10126, 70077, '2022-01-10', 2.16), 
	(50219, 10014, 70304, '2020-03-24', 2.03), 
	(50220, 10026, 70131, '2022-01-19', 9.23), 
	(50221, 10111, 70222, '2021-04-12', 15.79), 
	(50222, 10073, 70335, '2021-09-19', 99.02), 
	(50223, 10056, 70006, '2022-04-24', 0.68), 
	(50224, 10048, 70078, '2022-07-16', 32.78), 
	(50225, 10114, 70054, '2020-12-19', 2.54), 
	(50226, 10005, 70252, '2021-03-28', 0.1), 
	(50227, 10056, 70296, '2021-11-04', 5.79), 
	(50228, 10115, 70089, '2022-04-26', 5.94), 
	(50229, 10119, 70106, '2021-11-07', 1.38), 
	(50230, 10116, 70032, '2021-05-04', 36.83), 
	(50231, 10065, 70311, '2021-11-27', 20.8), 
	(50232, 10114, 70343, '2020-07-07', 9.32), 
	(50233, 10133, 70181, '2020-01-22', 4.36), 
	(50234, 10069, 70307, '2021-01-24', 3.99), 
	(50235, 10058, 70286, '2021-05-10', 17.87), 
	(50236, 10035, 70184, '2023-01-03', 7.59), 
	(50237, 10130, 70216, '2022-01-06', 24.87), 
	(50238, 10089, 70188, '2022-12-11', 67.19), 
	(50239, 10126, 70350, '2022-07-22', 23.95), 
	(50240, 10080, 70194, '2022-04-18', 30.19), 
	(50241, 10124, 70120, '2021-01-01', 0.33), 
	(50242, 10049, 70293, '2022-04-11', 2.95), 
	(50243, 10052, 70144, '2020-09-10', 3.77), 
	(50244, 10133, 70271, '2020-05-31', 5.18), 
	(50245, 10038, 70210, '2020-02-21', 86.57), 
	(50246, 10029, 70025, '2022-11-30', 12.97), 
	(50247, 10077, 70211, '2021-12-19', 15.53), 
	(50248, 10080, 70284, '2021-02-09', 9.37), 
	(50249, 10059, 70149, '2020-11-22', 17.11), 
	(50250, 10107, 70331, '2020-07-02', 6.67), 
	(50251, 10088, 70162, '2022-07-08', 74.24), 
	(50252, 10141, 70022, '2020-08-09', 4.15), 
	(50253, 10041, 70124, '2021-10-25', 37.87), 
	(50254, 10109, 70317, '2020-10-31', 10.18), 
	(50255, 10034, 70285, '2021-01-03', 8.72), 
	(50256, 10049, 70090, '2021-07-22', 28.23), 
	(50257, 10006, 70148, '2022-05-02', 21.09), 
	(50258, 10070, 70288, '2022-12-02', 9.69), 
	(50259, 10109, 70047, '2021-01-27', 60.76), 
	(50260, 10054, 70290, '2021-05-10', 4.17), 
	(50261, 10028, 70093, '2020-06-27', 8.43), 
	(50262, 10084, 70160, '2021-02-24', 13.66), 
	(50263, 10015, 70320, '2021-10-30', 28.94), 
	(50264, 10145, 70038, '2021-09-15', 9.28), 
	(50265, 10096, 70077, '2021-12-26', 11.12), 
	(50266, 10147, 70099, '2021-06-02', 6.83), 
	(50267, 10102, 70141, '2021-04-07', 1.11), 
	(50268, 10058, 70170, '2021-09-05', 7.71), 
	(50269, 10070, 70042, '2021-07-22', 9.39), 
	(50270, 10146, 70195, '2021-10-21', 49.87), 
	(50271, 10131, 70129, '2021-01-22', 4.01), 
	(50272, 10079, 70285, '2020-12-28', 40.6), 
	(50273, 10005, 70229, '2021-11-14', 22.75), 
	(50274, 10017, 70201, '2020-07-09', 3.39), 
	(50275, 10001, 70258, '2020-12-13', 1.95), 
	(50276, 10060, 70163, '2020-04-19', 0.61), 
	(50277, 10132, 70101, '2021-03-01', 33.61), 
	(50278, 10014, 70012, '2020-09-06', 4.82), 
	(50279, 10108, 70179, '2022-06-30', 15.24), 
	(50280, 10007, 70068, '2020-09-19', 26.59), 
	(50281, 10011, 70116, '2020-02-29', 97.54), 
	(50282, 10071, 70124, '2021-10-21', 23.66), 
	(50283, 10043, 70332, '2021-02-19', 41.6), 
	(50284, 10037, 70058, '2021-02-15', 60.72), 
	(50285, 10057, 70196, '2021-03-17', 54.59), 
	(50286, 10011, 70081, '2020-12-07', 16.33), 
	(50287, 10133, 70016, '2020-05-02', 5.5), 
	(50288, 10128, 70251, '2022-12-06', 2.41), 
	(50289, 10120, 70253, '2022-04-20', 14.94), 
	(50290, 10137, 70064, '2021-09-07', 2.75), 
	(50291, 10035, 70339, '2020-03-14', 32.48), 
	(50292, 10009, 70025, '2022-11-21', 1.96), 
	(50293, 10006, 70208, '2022-05-08', 22.27), 
	(50294, 10066, 70109, '2021-01-20', 14.1), 
	(50295, 10086, 70237, '2020-03-27', 5.15), 
	(50296, 10110, 70232, '2022-10-17', 4.57), 
	(50297, 10077, 70195, '2021-10-30', 5.07), 
	(50298, 10111, 70279, '2020-11-14', 3.4), 
	(50299, 10039, 70219, '2020-07-05', 12.82), 
	(50300, 10117, 70184, '2022-12-21', 18.81), 
	(50301, 10147, 70126, '2022-02-02', 1.33), 
	(50302, 10013, 70277, '2021-07-13', 4.72), 
	(50303, 10025, 70186, '2021-03-06', 3.87), 
	(50304, 10083, 70288, '2022-12-08', 9.22), 
	(50305, 10028, 70346, '2022-06-08', 1.19), 
	(50306, 10018, 70017, '2020-09-28', 10.7), 
	(50307, 10091, 70033, '2020-02-25', 29.75), 
	(50308, 10143, 70307, '2021-01-26', 6.76), 
	(50309, 10056, 70238, '2022-11-09', 9.37), 
	(50310, 10107, 70177, '2022-12-20', 36.41), 
	(50311, 10048, 70209, '2022-12-09', 10.73), 
	(50312, 10053, 70205, '2022-06-09', 50.54), 
	(50313, 10087, 70299, '2021-04-27', 1.95), 
	(50314, 10016, 70055, '2021-07-07', 14.68), 
	(50315, 10069, 70189, '2022-06-13', 7.26), 
	(50316, 10054, 70273, '2020-09-24', 1.95), 
	(50317, 10007, 70283, '2021-01-20', 21.29), 
	(50318, 10126, 70333, '2022-04-12', 2.4), 
	(50319, 10135, 70154, '2020-04-13', 44.41), 
	(50320, 10091, 70322, '2021-01-31', 86.81), 
	(50321, 10110, 70108, '2021-11-01', 1.98), 
	(50322, 10071, 70223, '2022-01-17', 13.65), 
	(50323, 10087, 70174, '2022-04-17', 2.96), 
	(50324, 10112, 70145, '2021-11-18', 46.06), 
	(50325, 10013, 70161, '2020-12-13', 23.58), 
	(50326, 10069, 70108, '2021-10-26', 6.8), 
	(50327, 10099, 70029, '2020-05-04', 69), 
	(50328, 10039, 70045, '2020-04-11', 31.62), 
	(50329, 10109, 70116, '2020-03-08', 0.94), 
	(50330, 10119, 70078, '2022-07-04', 11.85), 
	(50331, 10013, 70316, '2020-03-30', 99.71), 
	(50332, 10111, 70074, '2021-09-01', 11.62), 
	(50333, 10121, 70336, '2022-02-17', 8.43), 
	(50334, 10131, 70243, '2021-03-08', 3.02), 
	(50335, 10079, 70118, '2022-10-19', 26.81), 
	(50336, 10073, 70281, '2022-12-03', 80.26), 
	(50337, 10044, 70299, '2021-04-18', 3.34), 
	(50338, 10081, 70200, '2021-08-18', 3.12), 
	(50339, 10106, 70250, '2020-09-12', 3.51), 
	(50340, 10123, 70100, '2021-03-06', 89.08), 
	(50341, 10095, 70221, '2020-08-24', 49.91), 
	(50342, 10012, 70138, '2021-05-16', 28.17), 
	(50343, 10016, 70156, '2022-12-03', 1.04), 
	(50344, 10090, 70290, '2021-05-07', 10.55), 
	(50345, 10077, 70092, '2023-01-04', 52.24), 
	(50346, 10053, 70063, '2022-02-27', 1.11), 
	(50347, 10080, 70145, '2021-11-17', 61.49), 
	(50348, 10094, 70305, '2022-04-27', 16.61), 
	(50349, 10028, 70090, '2021-07-11', 32.9), 
	(50350, 10059, 70119, '2021-12-21', 29.27), 
	(50351, 10031, 70115, '2021-10-29', 3.06), 
	(50352, 10061, 70128, '2022-11-30', 1.57), 
	(50353, 10043, 70338, '2022-04-07', 17.41), 
	(50354, 10044, 70244, '2022-11-19', 109.54), 
	(50355, 10130, 70272, '2020-02-21', 3.98), 
	(50356, 10048, 70037, '2022-06-04', 40.17), 
	(50357, 10103, 70255, '2022-12-29', 83.91), 
	(50358, 10052, 70001, '2022-07-13', 69.58), 
	(50359, 10046, 70269, '2021-11-24', 2.61), 
	(50360, 10099, 70227, '2021-09-27', 8.7), 
	(50361, 10062, 70267, '2021-08-16', 5.23), 
	(50362, 10011, 70314, '2022-08-06', 15.65), 
	(50363, 10083, 70110, '2020-08-14', 5.44), 
	(50364, 10037, 70115, '2021-10-15', 27.72), 
	(50365, 10070, 70143, '2021-08-29', 8.34), 
	(50366, 10098, 70198, '2023-01-06', 18.17), 
	(50367, 10043, 70102, '2022-07-20', 17.06), 
	(50368, 10015, 70149, '2020-11-15', 10.24), 
	(50369, 10087, 70129, '2021-02-09', 23.28), 
	(50370, 10049, 70324, '2022-05-06', 9.6), 
	(50371, 10087, 70343, '2020-07-16', 5.84), 
	(50372, 10131, 70348, '2020-09-25', 141.19), 
	(50373, 10018, 70106, '2021-11-06', 10.97), 
	(50374, 10142, 70299, '2021-05-12', 0.72), 
	(50375, 10034, 70173, '2022-07-09', 13.18), 
	(50376, 10136, 70007, '2022-11-16', 68.03), 
	(50377, 10001, 70263, '2021-10-30', 10.71), 
	(50378, 10096, 70150, '2020-10-16', 4.44), 
	(50379, 10142, 70188, '2022-11-23', 1.55), 
	(50380, 10084, 70126, '2022-01-09', 23.7), 
	(50381, 10035, 70193, '2021-10-12', 53.12), 
	(50382, 10048, 70068, '2020-09-08', 45.49), 
	(50383, 10001, 70145, '2021-11-06', 10.81), 
	(50384, 10054, 70072, '2021-10-23', 6.94), 
	(50385, 10011, 70280, '2021-03-28', 6.16), 
	(50386, 10091, 70235, '2021-03-23', 28.54), 
	(50387, 10029, 70178, '2021-03-04', 12.27), 
	(50388, 10126, 70106, '2021-10-14', 6.28), 
	(50389, 10059, 70064, '2021-08-26', 2.36), 
	(50390, 10048, 70212, '2020-04-18', 41.52), 
	(50391, 10129, 70027, '2021-12-27', 1.44), 
	(50392, 10102, 70200, '2021-07-27', 8.33), 
	(50393, 10143, 70192, '2020-12-21', 3), 
	(50394, 10104, 70237, '2020-03-02', 13.42), 
	(50395, 10018, 70293, '2022-04-04', 3.18), 
	(50396, 10033, 70280, '2021-03-21', 0.46), 
	(50397, 10060, 70124, '2021-10-13', 5.13), 
	(50398, 10143, 70102, '2022-08-09', 6.71), 
	(50399, 10008, 70010, '2020-03-04', 1.56), 
	(50400, 10114, 70183, '2023-01-04', 39.93), 
	(50401, 10148, 70278, '2020-12-17', 1.06), 
	(50402, 10061, 70165, '2021-04-18', 5.6), 
	(50403, 10031, 70123, '2021-02-25', 18.7), 
	(50404, 10078, 70189, '2022-06-05', 4.58), 
	(50405, 10001, 70301, '2022-03-09', 2.53), 
	(50406, 10010, 70326, '2022-01-28', 4.59), 
	(50407, 10063, 70129, '2021-01-26', 1.71), 
	(50408, 10008, 70339, '2020-03-05', 30.66), 
	(50409, 10024, 70181, '2020-02-20', 47.07), 
	(50410, 10067, 70193, '2021-10-07', 6.56), 
	(50411, 10096, 70174, '2022-04-28', 0.12), 
	(50412, 10005, 70191, '2021-11-11', 4.62), 
	(50413, 10127, 70347, '2020-07-03', 4.31), 
	(50414, 10069, 70156, '2022-12-23', 6.22), 
	(50415, 10074, 70264, '2020-10-29', 5.85), 
	(50416, 10107, 70264, '2020-10-24', 30.94), 
	(50417, 10108, 70309, '2021-07-26', 4.02), 
	(50418, 10033, 70334, '2020-10-02', 3.69), 
	(50419, 10023, 70257, '2022-02-02', 10.22), 
	(50420, 10003, 70096, '2022-12-08', 15.34), 
	(50421, 10086, 70182, '2021-01-17', 12.87), 
	(50422, 10036, 70322, '2021-02-11', 13.19), 
	(50423, 10110, 70199, '2020-04-13', 8.24), 
	(50424, 10075, 70167, '2022-03-08', 9.48), 
	(50425, 10034, 70056, '2021-04-13', 58.6), 
	(50426, 10012, 70046, '2020-03-19', 11.58), 
	(50427, 10046, 70219, '2020-06-29', 68.42), 
	(50428, 10053, 70323, '2022-05-14', 6.36), 
	(50429, 10060, 70185, '2022-04-22', 1.12), 
	(50430, 10036, 70056, '2021-04-10', 23.67), 
	(50431, 10119, 70183, '2023-01-18', 21.81), 
	(50432, 10080, 70044, '2022-07-26', 2.63), 
	(50433, 10097, 70193, '2021-10-11', 77.32), 
	(50434, 10110, 70132, '2021-05-09', 9.95), 
	(50435, 10051, 70329, '2023-01-01', 1.29), 
	(50436, 10030, 70292, '2020-04-25', 12.73), 
	(50437, 10002, 70154, '2020-03-29', 1.38), 
	(50438, 10145, 70014, '2022-05-09', 2.69), 
	(50439, 10102, 70312, '2021-01-07', 2.64), 
	(50440, 10026, 70021, '2021-03-30', 1.5), 
	(50441, 10077, 70350, '2022-08-05', 4.07), 
	(50442, 10070, 70151, '2021-07-19', 21.94), 
	(50443, 10100, 70247, '2022-04-28', 43.91), 
	(50444, 10147, 70296, '2021-10-29', 6.16), 
	(50445, 10088, 70021, '2021-04-06', 1.14), 
	(50446, 10004, 70269, '2021-11-16', 8.13), 
	(50447, 10116, 70009, '2021-05-26', 8.25), 
	(50448, 10084, 70119, '2021-12-25', 2.24), 
	(50449, 10006, 70302, '2021-03-06', 8.17), 
	(50450, 10017, 70118, '2022-10-13', 16.48), 
	(50451, 10119, 70010, '2020-03-13', 9.64), 
	(50452, 10095, 70346, '2022-07-02', 0.19), 
	(50453, 10021, 70267, '2021-08-13', 7.12), 
	(50454, 10114, 70216, '2022-01-22', 11.94), 
	(50455, 10122, 70332, '2021-03-09', 4.25), 
	(50456, 10107, 70335, '2021-09-03', 9.6), 
	(50457, 10035, 70052, '2022-12-16', 35.54), 
	(50458, 10082, 70249, '2020-04-29', 34.14), 
	(50459, 10109, 70166, '2022-04-05', 2.53), 
	(50460, 10100, 70082, '2020-03-05', 2.57), 
	(50461, 10117, 70102, '2022-08-14', 18.48), 
	(50462, 10129, 70259, '2020-12-15', 1.94), 
	(50463, 10062, 70025, '2022-11-19', 0.06), 
	(50464, 10037, 70233, '2021-05-05', 3.34), 
	(50465, 10047, 70224, '2021-05-06', 23.04), 
	(50466, 10073, 70274, '2021-11-24', 8.42), 
	(50467, 10137, 70318, '2022-04-30', 3.51), 
	(50468, 10130, 70233, '2021-05-13', 16.39), 
	(50469, 10134, 70257, '2022-01-19', 3.25), 
	(50470, 10136, 70301, '2022-03-28', 5.34), 
	(50471, 10061, 70039, '2022-04-25', 17.02), 
	(50472, 10118, 70245, '2021-01-09', 8.39), 
	(50473, 10067, 70229, '2021-10-25', 12.72), 
	(50474, 10139, 70326, '2022-02-02', 10.6), 
	(50475, 10056, 70345, '2021-03-18', 1.74), 
	(50476, 10122, 70059, '2021-04-23', 3.59), 
	(50477, 10082, 70166, '2022-04-06', 1.08), 
	(50478, 10034, 70135, '2021-01-15', 1.09), 
	(50479, 10058, 70133, '2022-01-22', 6.64), 
	(50480, 10094, 70239, '2022-08-01', 7.05), 
	(50481, 10085, 70035, '2021-09-09', 11.72), 
	(50482, 10087, 70336, '2022-03-10', 4.57), 
	(50483, 10126, 70313, '2021-07-25', 30.55), 
	(50484, 10149, 70146, '2022-06-15', 35.77), 
	(50485, 10007, 70091, '2021-03-23', 14.94), 
	(50486, 10112, 70007, '2022-11-26', 14.89), 
	(50487, 10082, 70073, '2022-07-03', 2.26), 
	(50488, 10046, 70251, '2022-11-17', 2.1), 
	(50489, 10140, 70337, '2020-10-08', 5.39), 
	(50490, 10058, 70167, '2022-03-07', 3.33), 
	(50491, 10113, 70081, '2020-12-06', 1.36), 
	(50492, 10009, 70021, '2021-03-24', 0.23), 
	(50493, 10039, 70096, '2022-12-01', 1.15), 
	(50494, 10100, 70059, '2021-04-02', 0.52), 
	(50495, 10128, 70079, '2020-06-16', 34.51), 
	(50496, 10018, 70224, '2021-04-26', 8.65), 
	(50497, 10030, 70319, '2022-06-25', 15.99), 
	(50498, 10073, 70105, '2020-08-08', 2.51), 
	(50499, 10036, 70188, '2022-11-27', 2.25), 
	(50500, 10003, 70229, '2021-11-11', 1.31), 
	(50501, 10131, 70270, '2020-02-17', 28.66), 
	(50502, 10117, 70112, '2021-02-13', 9.52), 
	(50503, 10109, 70169, '2021-10-23', 1.03), 
	(50504, 10079, 70328, '2021-05-03', 62.98), 
	(50505, 10085, 70235, '2021-04-06', 39.01), 
	(50506, 10019, 70240, '2022-01-04', 19.77), 
	(50507, 10123, 70286, '2021-05-19', 12.84), 
	(50508, 10087, 70036, '2021-06-21', 0.6), 
	(50509, 10022, 70034, '2020-10-20', 46.59), 
	(50510, 10101, 70148, '2022-05-20', 2.4), 
	(50511, 10032, 70057, '2022-04-22', 13.56), 
	(50512, 10084, 70049, '2021-12-18', 12.22), 
	(50513, 10129, 70070, '2021-02-14', 1.39), 
	(50514, 10123, 70257, '2022-01-19', 18.27), 
	(50515, 10113, 70153, '2022-01-12', 41.15), 
	(50516, 10036, 70249, '2020-05-02', 12.21), 
	(50517, 10071, 70074, '2021-09-04', 4.29), 
	(50518, 10145, 70084, '2021-04-21', 9.75), 
	(50519, 10135, 70274, '2021-11-03', 9.68), 
	(50520, 10039, 70142, '2020-10-07', 10.72), 
	(50521, 10003, 70214, '2021-02-22', 83.62), 
	(50522, 10042, 70187, '2021-07-09', 20.53), 
	(50523, 10111, 70195, '2021-10-27', 8.55), 
	(50524, 10054, 70248, '2022-05-12', 13.69), 
	(50525, 10007, 70060, '2022-03-07', 3.68), 
	(50526, 10099, 70275, '2021-10-09', 7.43), 
	(50527, 10140, 70035, '2021-09-08', 8.5), 
	(50528, 10137, 70302, '2021-04-03', 8.45), 
	(50529, 10132, 70258, '2021-01-07', 13.81), 
	(50530, 10018, 70018, '2022-04-29', 64.71), 
	(50531, 10098, 70234, '2021-02-14', 6.76), 
	(50532, 10066, 70162, '2022-07-20', 4.23), 
	(50533, 10072, 70147, '2022-06-13', 4.68), 
	(50534, 10076, 70004, '2021-06-20', 11.48), 
	(50535, 10082, 70300, '2020-08-10', 45.29), 
	(50536, 10124, 70101, '2021-03-22', 2.64), 
	(50537, 10120, 70173, '2022-07-22', 9.18), 
	(50538, 10020, 70032, '2021-04-09', 8.8), 
	(50539, 10058, 70104, '2020-06-11', 1.78), 
	(50540, 10001, 70240, '2022-01-29', 3.37), 
	(50541, 10002, 70038, '2021-08-26', 8.71), 
	(50542, 10029, 70135, '2021-01-14', 3.73), 
	(50543, 10057, 70228, '2021-09-03', 7.54), 
	(50544, 10052, 70164, '2021-06-30', 2.35), 
	(50545, 10021, 70148, '2022-05-25', 21.51), 
	(50546, 10063, 70052, '2022-12-13', 3.61), 
	(50547, 10110, 70152, '2021-05-05', 37.16), 
	(50548, 10123, 70261, '2020-12-07', 35.26), 
	(50549, 10055, 70208, '2022-05-15', 4.92), 
	(50550, 10039, 70316, '2020-03-11', 6.04), 
	(50551, 10078, 70197, '2021-09-01', 6.2), 
	(50552, 10038, 70338, '2022-04-18', 60.2), 
	(50553, 10012, 70236, '2022-04-18', 37.08), 
	(50554, 10138, 70281, '2022-11-24', 1.09), 
	(50555, 10133, 70232, '2022-10-18', 35.98), 
	(50556, 10055, 70293, '2022-04-06', 12.43), 
	(50557, 10006, 70269, '2021-11-18', 12.41), 
	(50558, 10014, 70340, '2021-01-23', 12.08), 
	(50559, 10070, 70207, '2021-11-19', 11.58), 
	(50560, 10051, 70223, '2022-01-08', 26.46), 
	(50561, 10115, 70254, '2022-07-21', 1.41), 
	(50562, 10134, 70227, '2021-09-22', 26.31), 
	(50563, 10035, 70259, '2020-12-06', 1.86), 
	(50564, 10106, 70242, '2022-03-08', 34.89), 
	(50565, 10110, 70003, '2020-07-24', 9.4), 
	(50566, 10049, 70056, '2021-05-06', 12.73), 
	(50567, 10004, 70078, '2022-07-28', 0.13), 
	(50568, 10007, 70328, '2021-04-29', 8.08), 
	(50569, 10026, 70340, '2021-01-11', 42.15), 
	(50570, 10041, 70113, '2021-01-20', 0.47), 
	(50571, 10089, 70060, '2022-02-26', 19.96), 
	(50572, 10150, 70115, '2021-10-04', 17.28), 
	(50573, 10061, 70231, '2022-12-21', 15.23), 
	(50574, 10007, 70104, '2020-06-12', 15.96), 
	(50575, 10008, 70100, '2021-02-12', 1.92), 
	(50576, 10076, 70134, '2021-06-25', 0.17), 
	(50577, 10062, 70057, '2022-05-12', 1.68), 
	(50578, 10094, 70307, '2021-01-12', 0.67), 
	(50579, 10081, 70175, '2022-04-29', 26.72), 
	(50580, 10107, 70227, '2021-09-28', 25.99), 
	(50581, 10107, 70178, '2021-03-09', 23.11), 
	(50582, 10082, 70127, '2021-05-05', 11.62), 
	(50583, 10105, 70065, '2020-11-05', 2.84), 
	(50584, 10081, 70074, '2021-08-23', 0.68), 
	(50585, 10008, 70151, '2021-08-06', 9.59), 
	(50586, 10114, 70319, '2022-06-26', 2.78), 
	(50587, 10081, 70199, '2020-03-30', 4.41), 
	(50588, 10080, 70290, '2021-05-10', 102.02), 
	(50589, 10104, 70187, '2021-06-23', 25.09), 
	(50590, 10038, 70035, '2021-09-26', 19.97), 
	(50591, 10133, 70055, '2021-06-23', 3.57), 
	(50592, 10022, 70064, '2021-09-21', 0.5), 
	(50593, 10092, 70196, '2021-02-24', 44.45), 
	(50594, 10012, 70291, '2022-11-04', 7.64), 
	(50595, 10062, 70127, '2021-05-06', 17.16), 
	(50596, 10045, 70013, '2022-02-07', 8.51), 
	(50597, 10042, 70333, '2022-04-06', 5.98), 
	(50598, 10025, 70154, '2020-03-27', 32.88), 
	(50599, 10111, 70001, '2022-08-03', 8.46), 
	(50600, 10126, 70027, '2021-12-08', 1.64), 
	(50601, 10005, 70291, '2022-10-28', 10.16), 
	(50602, 10141, 70234, '2021-02-04', 2.18), 
	(50603, 10123, 70284, '2021-01-27', 1.03), 
	(50604, 10044, 70003, '2020-07-24', 2.54), 
	(50605, 10006, 70311, '2021-11-17', 6.48), 
	(50606, 10051, 70213, '2020-06-17', 5.71), 
	(50607, 10070, 70289, '2021-11-23', 1.07), 
	(50608, 10036, 70002, '2022-03-20', 2.01), 
	(50609, 10147, 70080, '2020-03-13', 7.66), 
	(50610, 10093, 70302, '2021-04-01', 1.75), 
	(50611, 10066, 70028, '2021-01-29', 28.11), 
	(50612, 10020, 70220, '2021-09-28', 7.74), 
	(50613, 10064, 70132, '2021-05-22', 4.53), 
	(50614, 10122, 70341, '2020-11-01', 41.73), 
	(50615, 10058, 70013, '2022-02-01', 0.57), 
	(50616, 10131, 70065, '2020-11-07', 0.8), 
	(50617, 10100, 70289, '2021-11-20', 0.47), 
	(50618, 10069, 70305, '2022-05-04', 1.39), 
	(50619, 10082, 70248, '2022-05-19', 5.32), 
	(50620, 10114, 70222, '2021-04-27', 20.95), 
	(50621, 10099, 70160, '2021-03-07', 12.3), 
	(50622, 10133, 70278, '2021-01-10', 8.59), 
	(50623, 10118, 70176, '2020-12-08', 21.18), 
	(50624, 10096, 70281, '2022-11-30', 0.65), 
	(50625, 10026, 70004, '2021-06-19', 65.93), 
	(50626, 10084, 70153, '2022-01-09', 4.46), 
	(50627, 10023, 70039, '2022-04-20', 5.16), 
	(50628, 10107, 70190, '2021-07-20', 4.54), 
	(50629, 10091, 70206, '2020-03-26', 3.76), 
	(50630, 10046, 70315, '2020-10-24', 55.2), 
	(50631, 10034, 70177, '2023-01-07', 7.48), 
	(50632, 10150, 70332, '2021-03-07', 0.49), 
	(50633, 10123, 70060, '2022-03-12', 5.36), 
	(50634, 10104, 70043, '2021-12-27', 12.05), 
	(50635, 10009, 70282, '2020-11-08', 29.64), 
	(50636, 10098, 70034, '2020-10-30', 71.94), 
	(50637, 10102, 70140, '2021-04-17', 29.34), 
	(50638, 10075, 70253, '2022-04-26', 13.97), 
	(50639, 10100, 70246, '2021-08-16', 7.31), 
	(50640, 10058, 70198, '2023-01-16', 0.89), 
	(50641, 10118, 70203, '2022-01-03', 13.08), 
	(50642, 10077, 70010, '2020-03-10', 2.8), 
	(50643, 10101, 70191, '2021-10-24', 44.51), 
	(50644, 10131, 70205, '2022-06-25', 16.9), 
	(50645, 10101, 70301, '2022-03-26', 0.28), 
	(50646, 10133, 70180, '2020-10-02', 3.71), 
	(50647, 10134, 70005, '2022-03-06', 12.15), 
	(50648, 10019, 70199, '2020-04-11', 1.47), 
	(50649, 10045, 70047, '2021-02-06', 60.13), 
	(50650, 10012, 70182, '2020-12-19', 37.95), 
	(50651, 10141, 70066, '2022-12-18', 58.79), 
	(50652, 10057, 70044, '2022-07-23', 0.14), 
	(50653, 10126, 70069, '2020-02-14', 10.3), 
	(50654, 10113, 70031, '2021-07-24', 11.77), 
	(50655, 10110, 70238, '2022-11-23', 10.78), 
	(50656, 10075, 70162, '2022-07-15', 45.97), 
	(50657, 10014, 70146, '2022-06-20', 2.68), 
	(50658, 10111, 70008, '2022-05-27', 45.33), 
	(50659, 10085, 70251, '2022-11-24', 1.8), 
	(50660, 10088, 70316, '2020-03-28', 35.25), 
	(50661, 10087, 70214, '2021-02-07', 11.54), 
	(50662, 10071, 70349, '2022-04-15', 3.08), 
	(50663, 10147, 70136, '2021-04-05', 14.36), 
	(50664, 10110, 70253, '2022-04-24', 0.57), 
	(50665, 10064, 70097, '2022-03-17', 62.24), 
	(50666, 10007, 70315, '2020-11-06', 14.49), 
	(50667, 10143, 70125, '2021-09-10', 30.4), 
	(50668, 10094, 70217, '2021-10-14', 21.38), 
	(50669, 10120, 70179, '2022-07-13', 5.24), 
	(50670, 10109, 70076, '2021-05-06', 18.97), 
	(50671, 10100, 70344, '2021-01-10', 71.39), 
	(50672, 10098, 70226, '2021-09-14', 3.57), 
	(50673, 10059, 70282, '2020-11-05', 20.14), 
	(50674, 10114, 70313, '2021-07-11', 16.23), 
	(50675, 10120, 70014, '2022-04-15', 0.49), 
	(50676, 10023, 70349, '2022-05-07', 26.82), 
	(50677, 10015, 70228, '2021-09-07', 30.27), 
	(50678, 10050, 70191, '2021-11-01', 13.87), 
	(50679, 10125, 70101, '2021-02-28', 25.35), 
	(50680, 10053, 70175, '2022-04-19', 70.28), 
	(50681, 10077, 70315, '2020-10-17', 8.12), 
	(50682, 10145, 70082, '2020-02-25', 2.87), 
	(50683, 10078, 70136, '2021-04-15', 80.75), 
	(50684, 10062, 70070, '2021-02-08', 1.65), 
	(50685, 10023, 70265, '2022-12-26', 16.02), 
	(50686, 10042, 70303, '2022-07-04', 2.92), 
	(50687, 10126, 70314, '2022-07-25', 3.35), 
	(50688, 10027, 70146, '2022-06-27', 3.55), 
	(50689, 10105, 70031, '2021-07-20', 5.79), 
	(50690, 10023, 70018, '2022-05-09', 12.04), 
	(50691, 10127, 70217, '2021-09-30', 15.12), 
	(50692, 10096, 70242, '2022-03-12', 4.61), 
	(50693, 10077, 70045, '2020-04-13', 5.65), 
	(50694, 10132, 70039, '2022-05-04', 7.75), 
	(50695, 10100, 70347, '2020-07-13', 37.15), 
	(50696, 10078, 70259, '2020-12-03', 0.84), 
	(50697, 10117, 70231, '2023-01-04', 72.44), 
	(50698, 10129, 70164, '2021-07-09', 1.14), 
	(50699, 10141, 70048, '2020-03-15', 8.39), 
	(50700, 10118, 70200, '2021-08-15', 8.12), 
	(50701, 10015, 70002, '2022-03-25', 25.81), 
	(50702, 10139, 70091, '2021-02-28', 2.91), 
	(50703, 10026, 70079, '2020-07-02', 4.47), 
	(50704, 10030, 70310, '2020-12-22', 4.8), 
	(50705, 10060, 70139, '2020-11-24', 46.34), 
	(50706, 10087, 70048, '2020-03-28', 5.47), 
	(50707, 10024, 70048, '2020-03-17', 36.92), 
	(50708, 10090, 70152, '2021-04-26', 6.67), 
	(50709, 10062, 70169, '2021-10-30', 7.21), 
	(50710, 10133, 70140, '2021-05-12', 15.97), 
	(50711, 10019, 70081, '2020-11-28', 5.77), 
	(50712, 10064, 70283, '2021-02-01', 65.63), 
	(50713, 10119, 70308, '2022-01-16', 9.47), 
	(50714, 10015, 70165, '2021-04-10', 55.32), 
	(50715, 10150, 70223, '2022-01-13', 2.35), 
	(50716, 10089, 70310, '2020-12-26', 2.91), 
	(50717, 10043, 70018, '2022-05-16', 26.25), 
	(50718, 10064, 70313, '2021-07-08', 5.76), 
	(50719, 10137, 70067, '2022-07-19', 6.69), 
	(50720, 10077, 70147, '2022-06-22', 1.73), 
	(50721, 10007, 70243, '2021-03-05', 19.18), 
	(50722, 10011, 70168, '2020-10-14', 9.65), 
	(50723, 10028, 70005, '2022-03-08', 0.56), 
	(50724, 10011, 70180, '2020-10-17', 6.98), 
	(50725, 10091, 70236, '2022-04-23', 13.27), 
	(50726, 10026, 70276, '2021-04-23', 3.08), 
	(50727, 10056, 70256, '2020-09-16', 17.85), 
	(50728, 10096, 70052, '2022-11-29', 1.85), 
	(50729, 10119, 70212, '2020-04-25', 27.19), 
	(50730, 10105, 70291, '2022-10-15', 11.11), 
	(50731, 10079, 70221, '2020-09-17', 30.81), 
	(50732, 10142, 70308, '2022-01-16', 10.62), 
	(50733, 10021, 70033, '2020-02-07', 4.3), 
	(50734, 10113, 70026, '2021-03-07', 11.46), 
	(50735, 10036, 70340, '2021-01-10', 6.77), 
	(50736, 10130, 70043, '2022-01-07', 1.02), 
	(50737, 10030, 70043, '2022-01-16', 1.09), 
	(50738, 10103, 70320, '2021-10-29', 8.82), 
	(50739, 10147, 70170, '2021-09-04', 4.76), 
	(50740, 10076, 70138, '2021-04-30', 4.32), 
	(50741, 10051, 70255, '2022-12-23', 1.36), 
	(50742, 10020, 70241, '2020-07-30', 35.52), 
	(50743, 10116, 70308, '2021-12-27', 1.26), 
	(50744, 10103, 70348, '2020-09-09', 3.05), 
	(50745, 10118, 70123, '2021-03-09', 6.37), 
	(50746, 10141, 70067, '2022-07-24', 7.07), 
	(50747, 10009, 70126, '2022-01-10', 1.62), 
	(50748, 10019, 70103, '2020-03-10', 18.98), 
	(50749, 10070, 70283, '2021-01-19', 55.08), 
	(50750, 10033, 70004, '2021-06-30', 67.17), 
	(50751, 10041, 70250, '2020-08-19', 0.96), 
	(50752, 10037, 70261, '2020-11-16', 22.74), 
	(50753, 10135, 70040, '2022-04-24', 7.03), 
	(50754, 10143, 70321, '2021-02-11', 26.33), 
	(50755, 10003, 70020, '2021-03-30', 4.15), 
	(50756, 10016, 70155, '2020-09-22', 87.75), 
	(50757, 10081, 70141, '2021-04-06', 4.6), 
	(50758, 10107, 70194, '2022-04-06', 14.87), 
	(50759, 10137, 70196, '2021-03-07', 28.96), 
	(50760, 10055, 70016, '2020-04-27', 20.22), 
	(50761, 10012, 70033, '2020-02-21', 1.82), 
	(50762, 10044, 70087, '2021-11-02', 1.62), 
	(50763, 10004, 70136, '2021-04-08', 25.36), 
	(50764, 10080, 70088, '2022-10-10', 18.94), 
	(50765, 10038, 70130, '2021-05-15', 42.83), 
	(50766, 10073, 70020, '2021-04-16', 41.16), 
	(50767, 10065, 70015, '2021-03-08', 12.7), 
	(50768, 10004, 70158, '2022-04-24', 47.48), 
	(50769, 10069, 70095, '2021-01-13', 17.55), 
	(50770, 10018, 70075, '2021-12-14', 1.37), 
	(50771, 10002, 70212, '2020-04-21', 37.29), 
	(50772, 10093, 70137, '2021-01-01', 5.81), 
	(50773, 10042, 70091, '2021-03-04', 3.75), 
	(50774, 10104, 70002, '2022-03-27', 11.18), 
	(50775, 10096, 70062, '2022-12-08', 33.06), 
	(50776, 10087, 70088, '2022-10-04', 75.6), 
	(50777, 10079, 70247, '2022-04-08', 37.29), 
	(50778, 10105, 70321, '2021-02-16', 2.33), 
	(50779, 10112, 70327, '2022-01-17', 16.28), 
	(50780, 10109, 70272, '2020-03-06', 1.01), 
	(50781, 10052, 70072, '2021-10-20', 7.25), 
	(50782, 10002, 70105, '2020-07-31', 1.81), 
	(50783, 10128, 70127, '2021-04-25', 10.22), 
	(50784, 10032, 70114, '2021-12-30', 91.29), 
	(50785, 10099, 70220, '2021-10-04', 5.48), 
	(50786, 10093, 70265, '2022-12-30', 29.17), 
	(50787, 10039, 70171, '2021-04-08', 8.72), 
	(50788, 10102, 70328, '2021-05-17', 2.07), 
	(50789, 10143, 70061, '2022-06-25', 116.53), 
	(50790, 10060, 70205, '2022-06-26', 23.56), 
	(50791, 10044, 70203, '2021-12-28', 13.95), 
	(50792, 10138, 70194, '2022-05-01', 14.4), 
	(50793, 10033, 70232, '2022-10-25', 4.91), 
	(50794, 10124, 70182, '2021-01-01', 10.18), 
	(50795, 10079, 70049, '2021-12-13', 52.35), 
	(50796, 10019, 70139, '2020-11-14', 19.99), 
	(50797, 10085, 70142, '2020-10-18', 0.91), 
	(50798, 10115, 70344, '2021-01-25', 24.96), 
	(50799, 10003, 70015, '2021-03-02', 7.83), 
	(50800, 10097, 70341, '2020-11-10', 0.44), 
	(50801, 10083, 70225, '2020-10-13', 10.64), 
	(50802, 10051, 70086, '2020-11-06', 0.54), 
	(50803, 10031, 70190, '2021-07-22', 32.31), 
	(50804, 10005, 70310, '2020-12-27', 21.14), 
	(50805, 10031, 70218, '2022-03-18', 20.89), 
	(50806, 10115, 70083, '2021-08-17', 7.67), 
	(50807, 10139, 70068, '2020-09-05', 14.93), 
	(50808, 10042, 70053, '2022-04-16', 14.9), 
	(50809, 10072, 70210, '2020-03-10', 1.35), 
	(50810, 10110, 70262, '2021-10-21', 14.18), 
	(50811, 10106, 70268, '2020-03-07', 7.24), 
	(50812, 10022, 70312, '2021-01-04', 43.05), 
	(50813, 10073, 70192, '2020-11-27', 3.15), 
	(50814, 10124, 70260, '2022-12-17', 42.36), 
	(50815, 10101, 70342, '2021-02-08', 7.02), 
	(50816, 10067, 70338, '2022-04-05', 23.23), 
	(50817, 10023, 70143, '2021-09-17', 26.9), 
	(50818, 10134, 70247, '2022-05-01', 14.42), 
	(50819, 10021, 70334, '2020-10-01', 7.42), 
	(50820, 10005, 70231, '2022-12-27', 7.8), 
	(50821, 10041, 70026, '2021-03-23', 0.95), 
	(50822, 10005, 70173, '2022-07-25', 5.41), 
	(50823, 10003, 70270, '2020-02-13', 17.89), 
	(50824, 10010, 70053, '2022-04-25', 3.1), 
	(50825, 10065, 70292, '2020-04-20', 13.68), 
	(50826, 10044, 70321, '2021-03-04', 18.22), 
	(50827, 10035, 70225, '2020-10-31', 1.35), 
	(50828, 10090, 70294, '2022-07-30', 1.55), 
	(50829, 10045, 70138, '2021-05-11', 1.11), 
	(50830, 10091, 70255, '2023-01-10', 4.73), 
	(50831, 10035, 70042, '2021-08-06', 3.67), 
	(50832, 10114, 70019, '2021-01-03', 1.81), 
	(50833, 10097, 70012, '2020-09-02', 4.9), 
	(50834, 10107, 70348, '2020-10-01', 0.75), 
	(50835, 10051, 70248, '2022-04-23', 1.99), 
	(50836, 10067, 70210, '2020-03-14', 0.35), 
	(50837, 10129, 70143, '2021-08-26', 1.15), 
	(50838, 10138, 70125, '2021-09-25', 13.81), 
	(50839, 10028, 70226, '2021-09-12', 3.43), 
	(50840, 10010, 70030, '2022-04-27', 7.8), 
	(50841, 10095, 70334, '2020-10-12', 32.89), 
	(50842, 10036, 70202, '2020-10-30', 60.92), 
	(50843, 10022, 70244, '2022-11-18', 0.78), 
	(50844, 10064, 70087, '2021-10-26', 3.46), 
	(50845, 10122, 70292, '2020-04-29', 24.72), 
	(50846, 10034, 70276, '2021-04-13', 3.92), 
	(50847, 10017, 70177, '2022-12-15', 21.74), 
	(50848, 10084, 70103, '2020-03-21', 2.3), 
	(50849, 10006, 70242, '2022-03-09', 2.5), 
	(50850, 10014, 70171, '2021-03-27', 35.21), 
	(50851, 10064, 70256, '2020-09-13', 37.23), 
	(50852, 10059, 70030, '2022-04-24', 0.44), 
	(50853, 10120, 70140, '2021-04-27', 95.69), 
	(50854, 10140, 70197, '2021-08-13', 46.84), 
	(50855, 10009, 70312, '2020-12-23', 19.67), 
	(50856, 10027, 70344, '2021-01-17', 27.65), 
	(50857, 10006, 70287, '2022-12-08', 114.05), 
	(50858, 10076, 70112, '2021-02-17', 2.02), 
	(50859, 10082, 70040, '2022-05-11', 18.58), 
	(50860, 10042, 70054, '2020-12-14', 14.72), 
	(50861, 10074, 70066, '2023-01-03', 51.21), 
	(50862, 10143, 70214, '2021-02-07', 3.51), 
	(50863, 10016, 70047, '2021-02-07', 6.51), 
	(50864, 10076, 70224, '2021-05-04', 5.39), 
	(50865, 10082, 70267, '2021-08-15', 2.17), 
	(50866, 10149, 70202, '2020-11-05', 15.63), 
	(50867, 10144, 70098, '2022-07-31', 0.71), 
	(50868, 10101, 70096, '2022-11-12', 1.5), 
	(50869, 10148, 70080, '2020-03-02', 2.96), 
	(50870, 10105, 70152, '2021-05-10', 11.17), 
	(50871, 10150, 70246, '2021-09-09', 18.8), 
	(50872, 10065, 70109, '2021-01-21', 12.13), 
	(50873, 10125, 70233, '2021-04-29', 30.82), 
	(50874, 10104, 70324, '2022-04-14', 70.93), 
	(50875, 10093, 70165, '2021-04-19', 48.08), 
	(50876, 10050, 70028, '2021-01-30', 20.68), 
	(50877, 10080, 70049, '2021-12-10', 11.43), 
	(50878, 10144, 70335, '2021-09-02', 17.37), 
	(50879, 10082, 70330, '2020-08-30', 5.52), 
	(50880, 10006, 70158, '2022-05-09', 17.24), 
	(50881, 10057, 70160, '2021-03-03', 8.06), 
	(50882, 10098, 70103, '2020-03-06', 0.91), 
	(50883, 10029, 70298, '2020-06-25', 4.99), 
	(50884, 10068, 70246, '2021-08-30', 7.9), 
	(50885, 10132, 70155, '2020-09-22', 8.4), 
	(50886, 10065, 70235, '2021-03-14', 17.65), 
	(50887, 10022, 70121, '2020-11-19', 94.78), 
	(50888, 10058, 70324, '2022-05-02', 37.47), 
	(50889, 10099, 70349, '2022-05-09', 49.1), 
	(50890, 10113, 70185, '2022-04-26', 4.5), 
	(50891, 10018, 70097, '2022-03-18', 38), 
	(50892, 10002, 70240, '2022-01-28', 2.73), 
	(50893, 10127, 70176, '2020-12-05', 3.48), 
	(50894, 10122, 70062, '2022-12-13', 58.02), 
	(50895, 10077, 70028, '2021-01-31', 1.71), 
	(50896, 10115, 70019, '2021-01-07', 0.39), 
	(50897, 10052, 70327, '2022-01-17', 6.72), 
	(50898, 10093, 70111, '2020-04-23', 1.41), 
	(50899, 10125, 70298, '2020-06-11', 0.01), 
	(50900, 10005, 70265, '2023-01-02', 19.81), 
	(50901, 10009, 70045, '2020-04-04', 36.73), 
	(50902, 10045, 70121, '2020-12-05', 5.84), 
	(50903, 10080, 70001, '2022-08-09', 11.41), 
	(50904, 10147, 70046, '2020-04-08', 9.63), 
	(50905, 10148, 70171, '2021-04-16', 4.07), 
	(50906, 10007, 70042, '2021-07-12', 16.95), 
	(50907, 10046, 70109, '2021-01-19', 26.77), 
	(50908, 10072, 70287, '2022-12-03', 1.3), 
	(50909, 10035, 70207, '2021-11-03', 38.24), 
	(50910, 10138, 70330, '2020-09-10', 4.04), 
	(50911, 10140, 70147, '2022-06-18', 0.22), 
	(50912, 10025, 70066, '2022-12-15', 0.06), 
	(50913, 10143, 70225, '2020-10-16', 1.5), 
	(50914, 10020, 70075, '2021-12-23', 0.48), 
	(50915, 10059, 70329, '2022-12-16', 0.03), 
	(50916, 10091, 70130, '2021-05-14', 6.36), 
	(50917, 10056, 70287, '2022-12-03', 1.65), 
	(50918, 10097, 70221, '2020-09-06', 11.43), 
	(50919, 10065, 70094, '2021-05-02', 5.08), 
	(50920, 10025, 70038, '2021-09-03', 4.27), 
	(50921, 10086, 70032, '2021-04-30', 1.97), 
	(50922, 10048, 70123, '2021-03-15', 17.19), 
	(50923, 10093, 70061, '2022-07-16', 8.45), 
	(50924, 10045, 70260, '2023-01-02', 9.42), 
	(50925, 10009, 70197, '2021-09-01', 25.75), 
	(50926, 10007, 70130, '2021-04-21', 3.81), 
	(50927, 10011, 70058, '2021-02-04', 41.72), 
	(50928, 10134, 70046, '2020-03-17', 59.43), 
	(50929, 10025, 70342, '2021-03-06', 19.8), 
	(50930, 10035, 70111, '2020-05-02', 15.37), 
	(50931, 10135, 70175, '2022-04-24', 21), 
	(50932, 10133, 70094, '2021-04-23', 2.98), 
	(50933, 10088, 70260, '2022-12-22', 25.21), 
	(50934, 10008, 70027, '2021-12-28', 0.88), 
	(50935, 10129, 70218, '2022-03-01', 2.39), 
	(50936, 10131, 70158, '2022-05-06', 53.28), 
	(50937, 10054, 70061, '2022-07-09', 22.02), 
	(50938, 10089, 70094, '2021-04-23', 3.25), 
	(50939, 10149, 70207, '2021-11-04', 64.18), 
	(50940, 10058, 70054, '2020-12-03', 31.06), 
	(50941, 10149, 70088, '2022-10-13', 11.46), 
	(50942, 10122, 70320, '2021-10-11', 21.24), 
	(50943, 10098, 70202, '2020-11-06', 33.45), 
	(50944, 10101, 70121, '2020-11-24', 14.39), 
	(50945, 10130, 70262, '2021-10-09', 4.44), 
	(50946, 10129, 70262, '2021-10-28', 1.52), 
	(50947, 10076, 70161, '2020-11-17', 0.03), 
	(50948, 10053, 70114, '2022-01-08', 1.01), 
	(50949, 10146, 70016, '2020-04-27', 51.88), 
	(50950, 10050, 70218, '2022-02-27', 9.72), 
	(50951, 10096, 70114, '2022-01-03', 9.7), 
	(50952, 10039, 70155, '2020-09-26', 3.09), 
	(50953, 10097, 70139, '2020-11-10', 5.13);

CREATE TABLE review 
(
	reviewid 	INT(5) AUTO_INCREMENT,
	eventid 	INT(5),
	rating 		ENUM('1', '2', '3', '4', '5'),
	comment 	VARCHAR(100),
	PRIMARY KEY (reviewid),
	FOREIGN KEY (eventid) REFERENCES 
		event (eventid)
);

INSERT INTO review (reviewid, eventid, rating, comment) 
VALUES
	(60001, 40082, 3, 'Timely and friendly,  effective distribution.'), 
	(60002, 40050, 5, 'No system,  delayed distribution.'), 
	(60003, 40043, 1, 'Slow response,  chaotic setup.'), 
	(60004, 40062, 2, 'Average response time,  moderate organization.'), 
	(60005, 40058, 5, 'Late delivery,  unorganized event.'), 
	(60006, 40067, 4, 'Unprepared,  slow execution.'), 
	(60007, 40007, 1, 'Lackluster effort,  delayed actions.'), 
	(60008, 40005, 3, 'Lax attitude,  late arrangement.'), 
	(60009, 40040, 5, 'Unfriendly staff,  delayed service.'), 
	(60010, 40038, 1, 'Responsive and timely,  well-managed cause.'), 
	(60011, 40014, 2, 'Acceptable responsiveness,  average effort.'), 
	(60012, 40055, 2, 'Disorganized,  slow response time.'), 
	(60013, 40063, 5, 'Uncoordinated,  slow follow-up.'), 
	(60014, 40065, 5, 'Disorganized,  unresponsive team.'), 
	(60015, 40071, 1, 'Lax attitude,  late arrangement.'), 
	(60016, 40003, 3, 'No system,  delayed distribution.'), 
	(60017, 40021, 1, 'Timely and effective,  friendly support.'), 
	(60018, 40059, 1, 'Chaotic setup,  delayed distribution.'), 
	(60019, 40017, 2, 'Moderately timely,  fairly coordinated.'), 
	(60020, 40031, 1, 'Prompt and friendly,  organized efforts.'), 
	(60021, 40050, 2, 'Chaotic setup,  delayed distribution.'), 
	(60022, 40071, 3, 'Timely service,  well-coordinated team.'), 
	(60023, 40049, 3, 'Well-structured,  timely assistance.'), 
	(60024, 40001, 2, 'Timely and friendly,  effective distribution.'), 
	(60025, 40077, 1, 'Disjointed efforts,  slow initiative.'), 
	(60026, 40066, 2, 'Uncoordinated,  slow follow-up.'), 
	(60027, 40035, 2, 'Acceptable response,  moderate timeliness.'), 
	(60028, 40016, 1, 'Late delivery,  unorganized event.'), 
	(60029, 40055, 3, 'Room for improvement,  fairly friendly.'), 
	(60030, 40084, 1, 'Uncoordinated,  slow follow-up.'), 
	(60031, 40100, 4, 'Satisfactory effort,  average responsiveness.'), 
	(60032, 40070, 2, 'Efficient and friendly,  well-structured cause.'), 
	(60033, 40021, 2, 'Timely and effective,  friendly support.'), 
	(60034, 40048, 4, 'Quick and friendly,  efficient cause.'), 
	(60035, 40013, 3, 'Uncooperative,  poor management.'), 
	(60036, 40057, 2, 'Well-managed and timely,  organized approach.'), 
	(60037, 40093, 4, 'Unsystematic,  poor timing.'), 
	(60038, 40037, 3, 'Unsystematic,  poor timing.'), 
	(60039, 40014, 5, 'Responsive and timely,  well-managed cause.'), 
	(60040, 40005, 1, 'Lax attitude,  late arrangement.'), 
	(60041, 40053, 1, 'Responsive and organized,  friendly atmosphere.'), 
	(60042, 40021, 2, 'Satisfactory effort,  average responsiveness.'), 
	(60043, 40047, 4, 'Well-coordinated,  friendly approach.'), 
	(60044, 40009, 1, 'Well-structured,  timely assistance.'), 
	(60045, 40068, 4, 'Inattentive team,  unstructured process.'), 
	(60046, 40007, 4, 'Disjointed efforts,  slow initiative.'), 
	(60047, 40096, 3, 'Poor planning,  no cooperation.'), 
	(60048, 40024, 3, 'Effective response,  friendly team.'), 
	(60049, 40016, 1, 'Unprepared,  slow execution.'), 
	(60050, 40012, 1, 'Prompt and well-managed,  friendly service.'), 
	(60051, 40008, 4, 'Fairly timely,  moderately friendly.'), 
	(60052, 40066, 2, 'Some room for improvement,  acceptable job.'), 
	(60053, 40091, 1, 'Timely and well-organized,  friendly volunteers.'), 
	(60054, 40036, 4, 'Some room for improvement,  acceptable job.'), 
	(60055, 40038, 1, 'Average friendliness,  manageable cause.'), 
	(60056, 40076, 2, 'Chaotic setup,  delayed distribution.'), 
	(60057, 40062, 1, 'Quick and friendly,  efficient cause.'), 
	(60058, 40024, 4, 'Acceptable response,  moderate timeliness.'), 
	(60059, 40096, 4, 'Well-organized and friendly,  impactful cause.'), 
	(60060, 40033, 2, 'Lax attitude,  late arrangement.'), 
	(60061, 40094, 1, 'Timely and well-organized,  friendly volunteers.'), 
	(60062, 40085, 2, 'Late delivery,  unorganized event.'), 
	(60063, 40056, 5, 'Well-managed,  timely delivery.'), 
	(60064, 40045, 5, 'Room for improvement,  fairly friendly.'), 
	(60065, 40038, 2, 'Unprepared,  slow execution.'), 
	(60066, 40096, 3, 'Uncooperative,  poor management.'), 
	(60067, 40072, 4, 'Effective response,  friendly team.'), 
	(60068, 40051, 5, 'Well-organized and friendly,  impactful cause.'), 
	(60069, 40088, 3, 'Slow to act,  unresponsive team.'), 
	(60070, 40040, 5, 'Quick and friendly,  efficient cause.'), 
	(60071, 40077, 2, 'Slow response,  chaotic setup.'), 
	(60072, 40076, 3, 'Well-organized distribution,  friendly assistance.'), 
	(60073, 40082, 3, 'Acceptable response,  moderate timeliness.'), 
	(60074, 40018, 3, 'Lax attitude,  late arrangement.'), 
	(60075, 40005, 2, 'Inefficient,  delayed preparations.'), 
	(60076, 40099, 3, 'Lax attitude,  late arrangement.'), 
	(60077, 40033, 4, 'Responsive and timely,  well-managed cause.'), 
	(60078, 40053, 5, 'No coordination,  late distribution.'), 
	(60079, 40081, 2, 'Late delivery,  unorganized event.'), 
	(60080, 40052, 5, 'Timely and effective,  friendly support.'), 
	(60081, 40046, 4, 'Inefficient,  delayed preparations.'), 
	(60082, 40026, 2, 'Well-arranged,  friendly volunteers.'), 
	(60083, 40086, 4, 'Well-managed and timely,  organized approach.'), 
	(60084, 40055, 1, 'Well-structured,  timely assistance.'), 
	(60085, 40035, 2, 'Lackluster effort,  delayed actions.'), 
	(60086, 40045, 4, 'Unsystematic,  poor timing.'), 
	(60087, 40080, 5, 'Manageable effort,  average cause.'), 
	(60088, 40002, 3, 'Disjointed efforts,  slow initiative.'), 
	(60089, 40094, 3, 'Poor planning,  no cooperation.'), 
	(60090, 40082, 2, 'Unsystematic,  poor timing.'), 
	(60091, 40005, 4, 'Adequate coordination,  needs refinement.'), 
	(60092, 40055, 4, 'Disorganized,  slow response time.'), 
	(60093, 40064, 5, 'Average distribution,  timely support.'), 
	(60094, 40096, 4, 'Slow service,  unfriendly approach.'), 
	(60095, 40016, 5, 'Efficient distribution,  prompt response.'), 
	(60096, 40020, 1, 'Responsive and timely,  well-managed cause.'), 
	(60097, 40080, 3, 'Effective response,  friendly team.'), 
	(60098, 40060, 5, 'Unfriendly staff,  delayed service.'), 
	(60099, 40072, 5, 'Slow response,  chaotic setup.'), 
	(60100, 40039, 5, 'Moderately timely,  fairly coordinated.'), 
	(60101, 40011, 5, 'Unsystematic,  poor timing.'), 
	(60102, 40054, 1, 'Well-organized and friendly,  impactful cause.'), 
	(60103, 40032, 2, 'Timely service,  well-coordinated team.'), 
	(60104, 40097, 1, 'Prompt and organized,  dedicated team.'), 
	(60105, 40023, 3, 'Uncoordinated,  slow follow-up.'), 
	(60106, 40043, 1, 'Disorganized process,  no promptness.'), 
	(60107, 40037, 4, 'Inattentive team,  unstructured process.'), 
	(60108, 40059, 1, 'Prompt and organized,  dedicated team.'), 
	(60109, 40097, 2, 'Well-coordinated,  friendly approach.'), 
	(60110, 40067, 4, 'Responsive and organized,  friendly atmosphere.'), 
	(60111, 40078, 5, 'Lax attitude,  late arrangement.'), 
	(60112, 40009, 2, 'Well-managed,  timely delivery.'), 
	(60113, 40087, 1, 'Well-organized and friendly,  impactful cause.'), 
	(60114, 40037, 5, 'Efficient distribution,  prompt response.'), 
	(60115, 40031, 5, 'Slow service,  unfriendly approach.'), 
	(60116, 40045, 1, 'Disorganized process,  no promptness.'), 
	(60117, 40078, 1, 'Room for improvement,  fairly friendly.'), 
	(60118, 40042, 3, 'Unsystematic,  poor timing.'), 
	(60119, 40033, 3, 'Effective response,  friendly team.'), 
	(60120, 40018, 5, 'Unfriendly staff,  delayed service.'), 
	(60121, 40074, 5, 'Slow response,  chaotic setup.'), 
	(60122, 40057, 4, 'Fairly organized,  acceptable distribution.'), 
	(60123, 40087, 3, 'Satisfactory execution,  moderate friendliness.'), 
	(60124, 40067, 5, 'No coordination,  late distribution.'), 
	(60125, 40066, 2, 'Inadequate setup,  delayed response.'), 
	(60126, 40006, 2, 'Inefficient,  delayed preparations.'), 
	(60127, 40076, 2, 'Passable distribution,  decent cause.'), 
	(60128, 40031, 3, 'Inadequate setup,  delayed response.'), 
	(60129, 40067, 4, 'Timely and well-organized,  friendly volunteers.'), 
	(60130, 40006, 3, 'Late delivery,  unorganized event.'), 
	(60131, 40076, 3, 'Disorganized,  unresponsive team.'), 
	(60132, 40027, 2, 'Responsive and timely,  well-managed cause.'), 
	(60133, 40073, 3, 'Moderately timely,  fairly coordinated.'), 
	(60134, 40025, 2, 'Disorganized,  unresponsive team.'), 
	(60135, 40036, 4, 'Responsive and well-organized,  friendly volunteers.'), 
	(60136, 40077, 3, 'Adequate setup,  moderate promptness.'), 
	(60137, 40005, 5, 'Prompt and well-managed,  friendly service.'), 
	(60138, 40078, 2, 'Well-organized distribution,  friendly assistance.'), 
	(60139, 40067, 5, 'Well-managed and timely,  organized approach.'), 
	(60140, 40060, 5, 'Messy setup,  no punctuality.'), 
	(60141, 40047, 4, 'Responsive and organized,  friendly atmosphere.'), 
	(60142, 40067, 5, 'Disorganized,  unresponsive team.'), 
	(60143, 40087, 2, 'Quick and friendly,  efficient cause.'), 
	(60144, 40092, 3, 'Well-arranged,  friendly volunteers.'), 
	(60145, 40011, 4, 'Adequate coordination,  needs refinement.'), 
	(60146, 40082, 1, 'Well-arranged,  friendly volunteers.'), 
	(60147, 40033, 3, 'Unprepared,  slow execution.'), 
	(60148, 40077, 4, 'Well-managed,  timely delivery.'), 
	(60149, 40014, 2, 'Prompt and well-managed,  friendly service.'), 
	(60150, 40062, 3, 'Unresponsive,  messy distribution.'), 
	(60151, 40074, 2, 'Unhelpful,  delayed arrangements.'), 
	(60152, 40045, 4, 'Well-arranged,  friendly volunteers.'), 
	(60153, 40055, 2, 'Manageable effort,  average cause.'), 
	(60154, 40004, 1, 'Adequate management,  decent initiative.'), 
	(60155, 40096, 3, 'Chaotic setup,  delayed distribution.'), 
	(60156, 40063, 1, 'Lackluster effort,  delayed actions.'), 
	(60157, 40016, 3, 'Chaotic setup,  delayed distribution.'), 
	(60158, 40019, 2, 'Lackluster effort,  delayed actions.'), 
	(60159, 40051, 3, 'Fairly friendly,  somewhat organized.'), 
	(60160, 40029, 4, 'Well-coordinated effort,  prompt response.'), 
	(60161, 40044, 3, 'Well-organized and friendly,  impactful cause.'), 
	(60162, 40075, 3, 'Unhelpful,  delayed arrangements.'), 
	(60163, 40080, 4, 'Prompt and organized,  dedicated team.'), 
	(60164, 40058, 4, 'Chaotic setup,  delayed distribution.'), 
	(60165, 40027, 4, 'Disorganized,  slow response time.'), 
	(60166, 40036, 4, 'Timely and friendly,  effective distribution.'), 
	(60167, 40081, 2, 'Decent response time,  moderate setup.'), 
	(60168, 40021, 1, 'Disorganized,  slow response time.'), 
	(60169, 40077, 5, 'Timely and effective,  friendly support.'), 
	(60170, 40040, 2, 'Poor planning,  no cooperation.'), 
	(60171, 40029, 4, 'Timely and friendly,  effective distribution.'), 
	(60172, 40039, 4, 'Uncooperative,  poor management.'), 
	(60173, 40002, 2, 'Decent initiative,  could be better organized.'), 
	(60174, 40045, 1, 'Disorganized process,  no promptness.'), 
	(60175, 40027, 1, 'Average friendliness,  manageable cause.'), 
	(60176, 40089, 5, 'Timely service,  well-coordinated team.'), 
	(60177, 40082, 2, 'Acceptable initiative,  fairly timely.'), 
	(60178, 40011, 4, 'No coordination,  late distribution.'), 
	(60179, 40025, 5, 'Well-coordinated,  friendly approach.'), 
	(60180, 40058, 3, 'Unhelpful,  delayed arrangements.'), 
	(60181, 40033, 1, 'Responsive and well-organized,  friendly volunteers.'), 
	(60182, 40022, 4, 'Prompt and friendly,  organized efforts.'), 
	(60183, 40089, 1, 'Decent initiative,  could be better organized.'), 
	(60184, 40096, 2, 'Smooth execution,  friendly service.'), 
	(60185, 40080, 4, 'Timely service,  well-coordinated team.'), 
	(60186, 40016, 3, 'Unfriendly staff,  delayed service.'), 
	(60187, 40026, 5, 'Acceptable responsiveness,  average effort.'), 
	(60188, 40077, 5, 'Chaotic setup,  delayed distribution.'), 
	(60189, 40024, 1, 'Unprepared,  slow execution.'), 
	(60190, 40013, 2, 'Disorganized,  slow response time.'), 
	(60191, 40042, 4, 'Adequate coordination,  needs refinement.'), 
	(60192, 40091, 1, 'No coordination,  late distribution.'), 
	(60193, 40011, 2, 'Inadequate setup,  delayed response.'), 
	(60194, 40056, 1, 'No system,  delayed distribution.'), 
	(60195, 40069, 2, 'Satisfactory execution,  moderate friendliness.'), 
	(60196, 40047, 1, 'Prompt and friendly,  well-executed cause.'), 
	(60197, 40011, 4, 'Well-managed and timely,  organized approach.'), 
	(60198, 40025, 5, 'Inefficient,  delayed preparations.'), 
	(60199, 40047, 4, 'Lackluster effort,  delayed actions.'), 
	(60200, 40067, 5, 'Prompt and friendly,  organized efforts.'), 
	(60201, 40042, 5, 'Poor planning,  no cooperation.'), 
	(60202, 40003, 3, 'Responsive and organized,  friendly atmosphere.'), 
	(60203, 40006, 3, 'Disorganized,  slow response time.'), 
	(60204, 40007, 1, 'Disorganized,  slow response time.'), 
	(60205, 40097, 4, 'Unprepared,  slow execution.'), 
	(60206, 40075, 3, 'Disorganized,  slow response time.'), 
	(60207, 40080, 5, 'Prompt and friendly,  well-executed cause.'), 
	(60208, 40030, 1, 'Prompt and well-managed,  friendly service.'), 
	(60209, 40082, 5, 'Responsive and organized,  friendly atmosphere.'), 
	(60210, 40041, 4, 'Acceptable responsiveness,  average effort.'), 
	(60211, 40037, 3, 'Timely service,  well-coordinated team.'), 
	(60212, 40078, 5, 'Effective response,  friendly team.'), 
	(60213, 40092, 1, 'Quick and friendly,  efficient cause.'), 
	(60214, 40022, 3, 'Well-organized and friendly,  impactful cause.'), 
	(60215, 40092, 3, 'Could be more organized,  decent support.'), 
	(60216, 40090, 3, 'Slow response,  chaotic setup.'), 
	(60217, 40031, 4, 'Smooth distribution,  well-organized setup.'), 
	(60218, 40004, 2, 'Slow to act,  unresponsive team.'), 
	(60219, 40046, 5, 'Fairly friendly,  somewhat organized.'), 
	(60220, 40032, 2, 'Late delivery,  unorganized event.'), 
	(60221, 40060, 5, 'Prompt and friendly,  organized efforts.'), 
	(60222, 40059, 2, 'Disorganized,  slow response time.'), 
	(60223, 40080, 1, 'Unfriendly staff,  delayed service.'), 
	(60224, 40044, 1, 'Smooth distribution,  well-organized setup.'), 
	(60225, 40066, 3, 'Inefficient,  delayed preparations.'), 
	(60226, 40071, 5, 'Decent initiative,  could be better organized.'), 
	(60227, 40098, 4, 'Slow response,  chaotic setup.'), 
	(60228, 40098, 5, 'Acceptable initiative,  fairly timely.'), 
	(60229, 40064, 5, 'Well-managed,  timely delivery.'), 
	(60230, 40024, 2, 'Adequate management,  decent initiative.'), 
	(60231, 40085, 5, 'Quick and friendly,  efficient cause.'), 
	(60232, 40015, 5, 'Unsystematic,  poor timing.'), 
	(60233, 40012, 4, 'No coordination,  late distribution.'), 
	(60234, 40091, 1, 'Disorganized process,  no promptness.'), 
	(60235, 40031, 1, 'Timely service,  well-coordinated team.'), 
	(60236, 40081, 1, 'Slow service,  unfriendly approach.'), 
	(60237, 40099, 4, 'Passable distribution,  decent cause.'), 
	(60238, 40091, 5, 'Unfriendly staff,  delayed service.'), 
	(60239, 40033, 4, 'No system,  delayed distribution.'), 
	(60240, 40036, 2, 'Disorganized process,  no promptness.'), 
	(60241, 40046, 1, 'Quick and friendly,  efficient cause.'), 
	(60242, 40001, 3, 'Well-coordinated,  friendly approach.'), 
	(60243, 40035, 3, 'Decent response time,  moderate setup.'), 
	(60244, 40045, 2, 'Poor planning,  no cooperation.'), 
	(60245, 40061, 2, 'Well-organized and friendly,  impactful cause.'), 
	(60246, 40015, 4, 'Timely and well-organized,  friendly volunteers.'), 
	(60247, 40072, 5, 'Decent initiative,  could be better organized.'), 
	(60248, 40027, 2, 'Passable distribution,  decent cause.'), 
	(60249, 40035, 4, 'Unfriendly staff,  delayed service.'), 
	(60250, 40050, 1, 'Well-coordinated,  friendly approach.'), 
	(60251, 40086, 1, 'Prompt and friendly,  well-executed cause.'), 
	(60252, 40025, 4, 'Average response time,  moderate organization.'), 
	(60253, 40075, 3, 'Adequate setup,  moderate promptness.'), 
	(60254, 40038, 4, 'Responsive and well-organized,  friendly volunteers.'), 
	(60255, 40061, 5, 'Slow response,  chaotic setup.'), 
	(60256, 40036, 1, 'Unsystematic,  poor timing.'), 
	(60257, 40063, 1, 'Average coordination,  manageable distribution.'), 
	(60258, 40065, 2, 'Satisfactory effort,  average responsiveness.'), 
	(60259, 40030, 3, 'Lax attitude,  late arrangement.'), 
	(60260, 40087, 4, 'Timely and effective,  friendly support.'), 
	(60261, 40008, 1, 'Smooth execution,  friendly service.'), 
	(60262, 40066, 5, 'Timely and well-organized,  friendly volunteers.'), 
	(60263, 40014, 1, 'Responsive and well-organized,  friendly volunteers.'), 
	(60264, 40086, 1, 'Satisfactory execution,  moderate friendliness.'), 
	(60265, 40043, 2, 'Disorganized process,  no promptness.'), 
	(60266, 40079, 1, 'Efficient distribution,  prompt response.'), 
	(60267, 40073, 2, 'Well-managed,  timely delivery.'), 
	(60268, 40004, 1, 'Disorganized,  slow response time.'), 
	(60269, 40054, 1, 'Well-structured,  timely assistance.'), 
	(60270, 40057, 4, 'Uncoordinated,  slow follow-up.'), 
	(60271, 40041, 3, 'Timely service,  well-coordinated team.'), 
	(60272, 40028, 2, 'Well-coordinated effort,  prompt response.'), 
	(60273, 40045, 4, 'Average response time,  moderate organization.'), 
	(60274, 40059, 3, 'Some room for improvement,  acceptable job.'), 
	(60275, 40077, 4, 'Adequate management,  decent initiative.'), 
	(60276, 40041, 1, 'Well-coordinated,  friendly approach.'), 
	(60277, 40018, 1, 'Timely and well-organized,  friendly volunteers.'), 
	(60278, 40035, 5, 'Smooth execution,  friendly service.'), 
	(60279, 40016, 4, 'Well-coordinated effort,  prompt response.'), 
	(60280, 40044, 5, 'Smooth distribution,  well-organized setup.'), 
	(60281, 40038, 4, 'Disorganized process,  no promptness.'), 
	(60282, 40057, 1, 'Average coordination,  manageable distribution.'), 
	(60283, 40080, 1, 'Unhelpful,  delayed arrangements.'), 
	(60284, 40099, 4, 'Average friendliness,  manageable cause.'), 
	(60285, 40080, 3, 'Efficient and friendly,  well-structured cause.'), 
	(60286, 40100, 4, 'Moderate response,  acceptable organization.'), 
	(60287, 40086, 1, 'Quick and friendly,  efficient cause.'), 
	(60288, 40013, 2, 'Acceptable response,  moderate timeliness.'), 
	(60289, 40082, 3, 'Poor planning,  no cooperation.'), 
	(60290, 40059, 3, 'Well-arranged,  friendly volunteers.'), 
	(60291, 40069, 4, 'Slow service,  unfriendly approach.'), 
	(60292, 40010, 3, 'Disorganized,  slow response time.'), 
	(60293, 40029, 5, 'Well-managed and timely,  organized approach.'), 
	(60294, 40051, 2, 'Well-structured,  timely assistance.'), 
	(60295, 40067, 3, 'Prompt and organized,  dedicated team.'), 
	(60296, 40065, 1, 'Responsive and organized,  friendly atmosphere.'), 
	(60297, 40021, 5, 'Well-managed and timely,  organized approach.'), 
	(60298, 40018, 2, 'Inefficient,  delayed preparations.'), 
	(60299, 40067, 1, 'Effective response,  friendly team.'), 
	(60300, 40002, 3, 'Timely and friendly,  effective distribution.'), 
	(60301, 40073, 1, 'Disorganized,  slow response time.'), 
	(60302, 40076, 4, 'Acceptable response,  moderate timeliness.'), 
	(60303, 40074, 2, 'Timely service,  well-coordinated team.'), 
	(60304, 40090, 1, 'Smooth distribution,  well-organized setup.'), 
	(60305, 40061, 4, 'Timely and friendly,  effective distribution.'), 
	(60306, 40076, 2, 'Effective response,  friendly team.'), 
	(60307, 40032, 1, 'Timely and well-organized,  friendly volunteers.'), 
	(60308, 40047, 4, 'Late delivery,  unorganized event.'), 
	(60309, 40024, 3, 'Timely and well-organized,  friendly volunteers.'), 
	(60310, 40050, 1, 'Moderate response,  acceptable organization.'), 
	(60311, 40010, 2, 'Uncooperative,  poor management.'), 
	(60312, 40067, 3, 'Timely and well-organized,  friendly volunteers.'), 
	(60313, 40035, 3, 'Disorganized process,  no promptness.'), 
	(60314, 40062, 4, 'Disorganized,  unresponsive team.'), 
	(60315, 40035, 4, 'Late delivery,  unorganized event.'), 
	(60316, 40030, 3, 'Efficient distribution,  prompt response.'), 
	(60317, 40002, 4, 'Poor planning,  no cooperation.'), 
	(60318, 40003, 5, 'Uncoordinated,  slow follow-up.'), 
	(60319, 40040, 3, 'Adequate management,  decent initiative.'), 
	(60320, 40023, 3, 'Disorganized process,  no promptness.'), 
	(60321, 40009, 4, 'Punctuality could improve,  decent effort.'), 
	(60322, 40060, 3, 'Adequate management,  decent initiative.'), 
	(60323, 40089, 3, 'Acceptable response,  moderate timeliness.'), 
	(60324, 40030, 2, 'Decent response time,  moderate setup.'), 
	(60325, 40028, 1, 'Could be more organized,  decent support.'), 
	(60326, 40035, 1, 'Well-managed,  timely delivery.'), 
	(60327, 40046, 3, 'Slow to act,  unresponsive team.'), 
	(60328, 40035, 1, 'Effective response,  friendly team.'), 
	(60329, 40080, 3, 'Slow to act,  unresponsive team.'), 
	(60330, 40011, 4, 'Average distribution,  timely support.'), 
	(60331, 40086, 5, 'Slow service,  unfriendly approach.'), 
	(60332, 40056, 5, 'Lax attitude,  late arrangement.'), 
	(60333, 40029, 1, 'Well-managed,  timely delivery.'), 
	(60334, 40067, 2, 'No system,  delayed distribution.'), 
	(60335, 40100, 4, 'Timely and friendly,  effective distribution.'), 
	(60336, 40014, 2, 'Late delivery,  unorganized event.'), 
	(60337, 40033, 3, 'Well-organized and friendly,  impactful cause.'), 
	(60338, 40099, 4, 'Uncoordinated,  slow follow-up.'), 
	(60339, 40059, 3, 'Average friendliness,  manageable cause.'), 
	(60340, 40025, 4, 'Disorganized,  slow response time.'), 
	(60341, 40024, 5, 'Satisfactory effort,  average responsiveness.'), 
	(60342, 40086, 5, 'Timely and well-organized,  friendly volunteers.'), 
	(60343, 40017, 4, 'Well-coordinated effort,  prompt response.'), 
	(60344, 40035, 5, 'Timely and effective,  friendly support.'), 
	(60345, 40034, 1, 'Slow response,  chaotic setup.'), 
	(60346, 40100, 1, 'Uncooperative,  poor management.'), 
	(60347, 40015, 1, 'Disorganized process,  no promptness.'), 
	(60348, 40010, 3, 'Slow response,  chaotic setup.'), 
	(60349, 40007, 3, 'Well-coordinated,  friendly approach.'), 
	(60350, 40092, 1, 'No coordination,  late distribution.'), 
	(60351, 40040, 2, 'Disorganized process,  no promptness.'), 
	(60352, 40003, 1, 'Chaotic setup,  delayed distribution.'), 
	(60353, 40080, 5, 'Unsystematic,  poor timing.'), 
	(60354, 40027, 1, 'Punctuality could improve,  decent effort.'), 
	(60355, 40052, 2, 'Smooth distribution,  well-organized setup.'), 
	(60356, 40097, 2, 'Fairly timely,  moderately friendly.'), 
	(60357, 40061, 4, 'Poor planning,  no cooperation.'), 
	(60358, 40060, 1, 'Chaotic setup,  delayed distribution.'), 
	(60359, 40041, 1, 'Acceptable initiative,  fairly timely.'), 
	(60360, 40064, 2, 'Well-organized distribution,  friendly assistance.'), 
	(60361, 40097, 1, 'Room for improvement,  fairly friendly.'), 
	(60362, 40062, 5, 'Slow service,  unfriendly approach.'), 
	(60363, 40068, 5, 'Effective response,  friendly team.'), 
	(60364, 40014, 3, 'Satisfactory execution,  moderate friendliness.'), 
	(60365, 40033, 4, 'Well-organized distribution,  friendly assistance.'), 
	(60366, 40078, 4, 'Disorganized,  slow response time.'), 
	(60367, 40045, 2, 'Punctuality could improve,  decent effort.'), 
	(60368, 40030, 5, 'Efficient distribution,  prompt response.'), 
	(60369, 40025, 2, 'Unsystematic,  poor timing.'), 
	(60370, 40012, 4, 'Well-structured,  timely assistance.'), 
	(60371, 40056, 3, 'Adequate coordination,  needs refinement.'), 
	(60372, 40074, 4, 'Satisfactory effort,  average responsiveness.'), 
	(60373, 40092, 4, 'Smooth distribution,  well-organized setup.'), 
	(60374, 40081, 3, 'Timely and friendly,  effective distribution.'), 
	(60375, 40064, 1, 'Moderate response,  acceptable organization.'), 
	(60376, 40022, 5, 'Efficient distribution,  prompt response.'), 
	(60377, 40029, 3, 'Disorganized,  unresponsive team.'), 
	(60378, 40023, 5, 'Chaotic setup,  delayed distribution.'), 
	(60379, 40035, 1, 'Responsive and timely,  well-managed cause.'), 
	(60380, 40024, 4, 'Prompt and organized,  dedicated team.'), 
	(60381, 40011, 1, 'Disorganized,  unresponsive team.'), 
	(60382, 40003, 2, 'Average coordination,  manageable distribution.'), 
	(60383, 40026, 4, 'Well-arranged,  friendly volunteers.'), 
	(60384, 40074, 1, 'Prompt and well-managed,  friendly service.'), 
	(60385, 40043, 1, 'Uncooperative,  poor management.'), 
	(60386, 40011, 1, 'Poor planning,  no cooperation.'), 
	(60387, 40044, 4, 'Prompt and friendly,  organized efforts.'), 
	(60388, 40009, 5, 'Prompt and organized,  dedicated team.'), 
	(60389, 40002, 1, 'Well-managed and timely,  organized approach.'), 
	(60390, 40001, 3, 'Acceptable response,  moderate timeliness.'), 
	(60391, 40004, 5, 'Average distribution,  timely support.'), 
	(60392, 40051, 5, 'Unfriendly staff,  delayed service.'), 
	(60393, 40097, 1, 'Unresponsive,  messy distribution.'), 
	(60394, 40078, 2, 'Unfriendly staff,  delayed service.'), 
	(60395, 40049, 1, 'Average coordination,  manageable distribution.'), 
	(60396, 40003, 5, 'Well-structured,  timely assistance.'), 
	(60397, 40042, 4, 'Lax attitude,  late arrangement.'), 
	(60398, 40097, 4, 'Decent initiative,  could be better organized.'), 
	(60399, 40075, 4, 'Well-managed and timely,  organized approach.'), 
	(60400, 40042, 2, 'Inadequate setup,  delayed response.'), 
	(60401, 40038, 1, 'Punctuality could improve,  decent effort.'), 
	(60402, 40072, 1, 'Decent response time,  moderate setup.'), 
	(60403, 40011, 4, 'Slow to act,  unresponsive team.'), 
	(60404, 40059, 4, 'Disorganized,  unresponsive team.'), 
	(60405, 40046, 4, 'Smooth distribution,  well-organized setup.'), 
	(60406, 40038, 4, 'Unresponsive,  messy distribution.'), 
	(60407, 40064, 4, 'Satisfactory execution,  moderate friendliness.'), 
	(60408, 40042, 4, 'Manageable effort,  average cause.'), 
	(60409, 40088, 3, 'Well-coordinated effort,  prompt response.'), 
	(60410, 40073, 3, 'Chaotic setup,  delayed distribution.'), 
	(60411, 40019, 2, 'Inefficient,  delayed preparations.'), 
	(60412, 40038, 2, 'Prompt and friendly,  organized efforts.'), 
	(60413, 40079, 1, 'No system,  delayed distribution.'), 
	(60414, 40005, 2, 'Adequate setup,  moderate promptness.'), 
	(60415, 40062, 3, 'Unresponsive,  messy distribution.'), 
	(60416, 40071, 1, 'Well-coordinated,  friendly approach.'), 
	(60417, 40035, 2, 'Poor planning,  no cooperation.'), 
	(60418, 40008, 2, 'Some room for improvement,  acceptable job.'), 
	(60419, 40076, 2, 'Unfriendly staff,  delayed service.'), 
	(60420, 40075, 1, 'Timely service,  well-coordinated team.'), 
	(60421, 40057, 3, 'Slow response,  chaotic setup.'), 
	(60422, 40049, 4, 'Decent initiative,  could be better organized.'), 
	(60423, 40076, 1, 'Prompt and well-managed,  friendly service.'), 
	(60424, 40026, 2, 'Well-structured,  timely assistance.'), 
	(60425, 40069, 3, 'Well-organized distribution,  friendly assistance.'), 
	(60426, 40096, 5, 'Unhelpful,  delayed arrangements.'), 
	(60427, 40025, 1, 'Fairly timely,  moderately friendly.'), 
	(60428, 40086, 3, 'Timely and well-organized,  friendly volunteers.'), 
	(60429, 40069, 4, 'Slow response,  chaotic setup.'), 
	(60430, 40029, 5, 'Disorganized process,  no promptness.'), 
	(60431, 40029, 5, 'Well-organized and friendly,  impactful cause.'), 
	(60432, 40064, 3, 'Disorganized,  slow response time.'), 
	(60433, 40077, 2, 'Timely and effective,  friendly support.'), 
	(60434, 40013, 1, 'Well-managed and timely,  organized approach.'), 
	(60435, 40087, 3, 'Adequate management,  decent initiative.'), 
	(60436, 40045, 4, 'Disjointed efforts,  slow initiative.'), 
	(60437, 40042, 3, 'Well-structured,  timely assistance.'), 
	(60438, 40078, 5, 'No system,  delayed distribution.'), 
	(60439, 40021, 3, 'Well-coordinated effort,  prompt response.'), 
	(60440, 40040, 5, 'Adequate setup,  moderate promptness.'), 
	(60441, 40050, 5, 'Efficient distribution,  prompt response.'), 
	(60442, 40065, 3, 'No system,  delayed distribution.'), 
	(60443, 40070, 1, 'Prompt and well-managed,  friendly service.'), 
	(60444, 40076, 2, 'Disorganized,  unresponsive team.'), 
	(60445, 40022, 4, 'Prompt and friendly,  well-executed cause.'), 
	(60446, 40065, 5, 'Unfriendly staff,  delayed service.'), 
	(60447, 40098, 4, 'Manageable effort,  average cause.'), 
	(60448, 40075, 4, 'Inadequate setup,  delayed response.'), 
	(60449, 40023, 4, 'Smooth execution,  friendly service.'), 
	(60450, 40094, 3, 'Disorganized,  slow response time.'), 
	(60451, 40090, 3, 'Inefficient,  delayed preparations.'), 
	(60452, 40042, 2, 'Disorganized,  unresponsive team.'), 
	(60453, 40051, 3, 'Messy setup,  no punctuality.'), 
	(60454, 40059, 5, 'Average coordination,  manageable distribution.'), 
	(60455, 40042, 4, 'Slow service,  unfriendly approach.'), 
	(60456, 40014, 3, 'Lax attitude,  late arrangement.'), 
	(60457, 40015, 1, 'Unsystematic,  poor timing.'), 
	(60458, 40023, 1, 'Efficient and friendly,  well-structured cause.'), 
	(60459, 40077, 4, 'Acceptable responsiveness,  average effort.'), 
	(60460, 40004, 5, 'Disjointed efforts,  slow initiative.'), 
	(60461, 40058, 4, 'Unprepared,  slow execution.'), 
	(60462, 40012, 1, 'Average coordination,  manageable distribution.'), 
	(60463, 40097, 5, 'Average coordination,  manageable distribution.'), 
	(60464, 40090, 3, 'Acceptable responsiveness,  average effort.'), 
	(60465, 40013, 3, 'Acceptable response,  moderate timeliness.'), 
	(60466, 40041, 1, 'Acceptable response,  moderate timeliness.'), 
	(60467, 40041, 1, 'Inefficient,  delayed preparations.'), 
	(60468, 40084, 5, 'Chaotic setup,  delayed distribution.'), 
	(60469, 40074, 2, 'Unresponsive,  messy distribution.'), 
	(60470, 40032, 3, 'Well-organized distribution,  friendly assistance.'), 
	(60471, 40004, 5, 'Moderately timely,  fairly coordinated.'), 
	(60472, 40028, 2, 'Inattentive team,  unstructured process.'), 
	(60473, 40090, 4, 'Disorganized,  slow response time.'), 
	(60474, 40079, 3, 'Average coordination,  manageable distribution.'), 
	(60475, 40083, 2, 'Well-arranged,  friendly volunteers.'), 
	(60476, 40098, 2, 'Lackluster effort,  delayed actions.'), 
	(60477, 40004, 3, 'Unfriendly staff,  delayed service.'), 
	(60478, 40085, 3, 'Unfriendly staff,  delayed service.'), 
	(60479, 40099, 1, 'Inefficient,  delayed preparations.'), 
	(60480, 40065, 4, 'Unsystematic,  poor timing.'), 
	(60481, 40088, 2, 'Could be more organized,  decent support.'), 
	(60482, 40061, 5, 'Disorganized,  slow response time.'), 
	(60483, 40054, 5, 'Timely and well-organized,  friendly volunteers.'), 
	(60484, 40075, 1, 'Inattentive team,  unstructured process.'), 
	(60485, 40066, 2, 'Prompt and organized,  dedicated team.'), 
	(60486, 40089, 3, 'Well-coordinated effort,  prompt response.'), 
	(60487, 40046, 1, 'Acceptable responsiveness,  average effort.'), 
	(60488, 40036, 3, 'Responsive and organized,  friendly atmosphere.'), 
	(60489, 40051, 3, 'Efficient distribution,  prompt response.'), 
	(60490, 40074, 4, 'Timely service,  well-coordinated team.'), 
	(60491, 40012, 4, 'Disorganized process,  no promptness.'), 
	(60492, 40038, 1, 'Inefficient,  delayed preparations.'), 
	(60493, 40086, 4, 'Unprepared,  slow execution.'), 
	(60494, 40020, 2, 'Prompt and friendly,  organized efforts.'), 
	(60495, 40034, 4, 'Well-managed and timely,  organized approach.'), 
	(60496, 40098, 3, 'Well-coordinated,  friendly approach.'), 
	(60497, 40022, 3, 'Efficient and friendly,  well-structured cause.'), 
	(60498, 40001, 5, 'Unsystematic,  poor timing.'), 
	(60499, 40018, 2, 'Efficient and friendly,  well-structured cause.'), 
	(60500, 40019, 5, 'Responsive and organized,  friendly atmosphere.'), 
	(60501, 40030, 3, 'Lackluster effort,  delayed actions.'), 
	(60502, 40025, 3, 'Well-organized and friendly,  impactful cause.'), 
	(60503, 40017, 1, 'Slow service,  unfriendly approach.'), 
	(60504, 40001, 1, 'Efficient distribution,  prompt response.'), 
	(60505, 40045, 4, 'Well-managed,  timely delivery.'), 
	(60506, 40048, 1, 'Uncooperative,  poor management.'), 
	(60507, 40073, 1, 'No system,  delayed distribution.'), 
	(60508, 40051, 1, 'Timely service,  well-coordinated team.'), 
	(60509, 40050, 4, 'Well-structured,  timely assistance.'), 
	(60510, 40009, 1, 'Well-arranged,  friendly volunteers.'), 
	(60511, 40003, 1, 'Well-arranged,  friendly volunteers.'), 
	(60512, 40038, 5, 'Messy setup,  no punctuality.'), 
	(60513, 40025, 5, 'Timely service,  well-coordinated team.'), 
	(60514, 40054, 3, 'Slow service,  unfriendly approach.'), 
	(60515, 40089, 3, 'No coordination,  late distribution.'), 
	(60516, 40039, 1, 'Well-managed,  timely delivery.'), 
	(60517, 40062, 1, 'Quick and friendly,  efficient cause.'), 
	(60518, 40067, 4, 'Disorganized,  unresponsive team.'), 
	(60519, 40005, 2, 'Efficient and friendly,  well-structured cause.'), 
	(60520, 40079, 4, 'Well-arranged,  friendly volunteers.'), 
	(60521, 40052, 4, 'Unprepared,  slow execution.'), 
	(60522, 40096, 4, 'Disorganized process,  no promptness.'), 
	(60523, 40057, 2, 'Well-organized distribution,  friendly assistance.'), 
	(60524, 40073, 4, 'Slow response,  chaotic setup.'), 
	(60525, 40007, 3, 'Responsive and well-organized,  friendly volunteers.'), 
	(60526, 40030, 3, 'Uncoordinated,  slow follow-up.'), 
	(60527, 40059, 2, 'Late delivery,  unorganized event.'), 
	(60528, 40029, 3, 'Slow service,  unfriendly approach.'), 
	(60529, 40034, 1, 'Slow response,  chaotic setup.'), 
	(60530, 40075, 4, 'Timely service,  well-coordinated team.'), 
	(60531, 40052, 4, 'Well-organized and friendly,  impactful cause.'), 
	(60532, 40058, 3, 'Timely and friendly,  effective distribution.'), 
	(60533, 40097, 5, 'Average distribution,  timely support.'), 
	(60534, 40098, 3, 'Smooth execution,  friendly service.'), 
	(60535, 40031, 3, 'Lax attitude,  late arrangement.'), 
	(60536, 40060, 4, 'No system,  delayed distribution.'), 
	(60537, 40079, 3, 'Quick and friendly,  efficient cause.'), 
	(60538, 40080, 1, 'Messy setup,  no punctuality.'), 
	(60539, 40087, 5, 'Unfriendly staff,  delayed service.'), 
	(60540, 40050, 2, 'Average response time,  moderate organization.'), 
	(60541, 40020, 1, 'Quick and friendly,  efficient cause.'), 
	(60542, 40033, 1, 'Smooth execution,  friendly service.'), 
	(60543, 40057, 1, 'Uncooperative,  poor management.'), 
	(60544, 40099, 3, 'Smooth execution,  friendly service.'), 
	(60545, 40029, 4, 'Uncoordinated,  slow follow-up.'), 
	(60546, 40090, 3, 'Unsystematic,  poor timing.'), 
	(60547, 40018, 3, 'Uncoordinated,  slow follow-up.'), 
	(60548, 40082, 2, 'Prompt and friendly,  organized efforts.'), 
	(60549, 40091, 5, 'Well-organized and friendly,  impactful cause.'), 
	(60550, 40041, 2, 'Unfriendly staff,  delayed service.'), 
	(60551, 40084, 4, 'Unsystematic,  poor timing.'), 
	(60552, 40047, 4, 'Unhelpful,  delayed arrangements.'), 
	(60553, 40046, 4, 'Lackluster effort,  delayed actions.'), 
	(60554, 40085, 3, 'Unhelpful,  delayed arrangements.'), 
	(60555, 40093, 2, 'Uncoordinated,  slow follow-up.'), 
	(60556, 40048, 3, 'Acceptable initiative,  fairly timely.'), 
	(60557, 40037, 3, 'Punctuality could improve,  decent effort.'), 
	(60558, 40085, 4, 'Fairly friendly,  somewhat organized.'), 
	(60559, 40027, 3, 'Some room for improvement,  acceptable job.'), 
	(60560, 40008, 4, 'Inadequate setup,  delayed response.'), 
	(60561, 40045, 1, 'Late delivery,  unorganized event.'), 
	(60562, 40059, 1, 'Slow response,  chaotic setup.'), 
	(60563, 40060, 2, 'Uncooperative,  poor management.'), 
	(60564, 40022, 1, 'Efficient distribution,  prompt response.'), 
	(60565, 40019, 1, 'Well-structured,  timely assistance.'), 
	(60566, 40079, 3, 'No system,  delayed distribution.'), 
	(60567, 40055, 5, 'Lax attitude,  late arrangement.'), 
	(60568, 40060, 2, 'Inadequate setup,  delayed response.'), 
	(60569, 40069, 1, 'Unsystematic,  poor timing.'), 
	(60570, 40058, 5, 'Adequate setup,  moderate promptness.'), 
	(60571, 40082, 5, 'Quick and friendly,  efficient cause.'), 
	(60572, 40062, 3, 'Effective response,  friendly team.'), 
	(60573, 40087, 3, 'Lax attitude,  late arrangement.'), 
	(60574, 40034, 2, 'Timely and well-organized,  friendly volunteers.'), 
	(60575, 40023, 5, 'Late delivery,  unorganized event.'), 
	(60576, 40004, 2, 'Well-organized distribution,  friendly assistance.'), 
	(60577, 40048, 4, 'Uncooperative,  poor management.'), 
	(60578, 40085, 1, 'Adequate setup,  moderate promptness.'), 
	(60579, 40095, 4, 'Responsive and well-organized,  friendly volunteers.'), 
	(60580, 40073, 4, 'Well-organized and friendly,  impactful cause.'), 
	(60581, 40080, 1, 'No coordination,  late distribution.'), 
	(60582, 40060, 2, 'Smooth execution,  friendly service.'), 
	(60583, 40002, 4, 'Acceptable response,  moderate timeliness.'), 
	(60584, 40078, 2, 'No system,  delayed distribution.'), 
	(60585, 40017, 4, 'Efficient distribution,  prompt response.'), 
	(60586, 40039, 2, 'Inattentive team,  unstructured process.'), 
	(60587, 40036, 5, 'Smooth execution,  friendly service.'), 
	(60588, 40075, 4, 'Inattentive team,  unstructured process.'), 
	(60589, 40025, 5, 'Unfriendly staff,  delayed service.'), 
	(60590, 40031, 1, 'Well-arranged,  friendly volunteers.'), 
	(60591, 40079, 1, 'Responsive and organized,  friendly atmosphere.'), 
	(60592, 40094, 5, 'No system,  delayed distribution.'), 
	(60593, 40096, 2, 'Adequate setup,  moderate promptness.'), 
	(60594, 40060, 1, 'Well-managed and timely,  organized approach.'), 
	(60595, 40065, 1, 'Poor planning,  no cooperation.'), 
	(60596, 40022, 5, 'Fairly timely,  moderately friendly.'), 
	(60597, 40006, 2, 'Prompt and well-managed,  friendly service.'), 
	(60598, 40072, 4, 'Well-structured,  timely assistance.'), 
	(60599, 40036, 4, 'Poor planning,  no cooperation.'), 
	(60600, 40026, 5, 'Inefficient,  delayed preparations.'), 
	(60601, 40086, 1, 'Adequate management,  decent initiative.'), 
	(60602, 40076, 4, 'Unhelpful,  delayed arrangements.'), 
	(60603, 40072, 3, 'Adequate setup,  moderate promptness.'), 
	(60604, 40027, 1, 'Slow response,  chaotic setup.'), 
	(60605, 40075, 4, 'Smooth distribution,  well-organized setup.'), 
	(60606, 40051, 3, 'Responsive and timely,  well-managed cause.'), 
	(60607, 40026, 3, 'Well-managed and timely,  organized approach.'), 
	(60608, 40016, 1, 'Unprepared,  slow execution.'), 
	(60609, 40048, 5, 'Unprepared,  slow execution.'), 
	(60610, 40065, 2, 'Unprepared,  slow execution.'), 
	(60611, 40099, 5, 'Average response time,  moderate organization.'), 
	(60612, 40019, 2, 'Punctuality could improve,  decent effort.'), 
	(60613, 40004, 1, 'Unsystematic,  poor timing.'), 
	(60614, 40003, 5, 'Well-coordinated,  friendly approach.'), 
	(60615, 40078, 3, 'Average coordination,  manageable distribution.'), 
	(60616, 40001, 1, 'Well-arranged,  friendly volunteers.'), 
	(60617, 40027, 1, 'Unsystematic,  poor timing.'), 
	(60618, 40066, 2, 'Responsive and well-organized,  friendly volunteers.'), 
	(60619, 40087, 5, 'Prompt and organized,  dedicated team.'), 
	(60620, 40077, 4, 'Smooth distribution,  well-organized setup.'), 
	(60621, 40092, 4, 'Uncooperative,  poor management.'), 
	(60622, 40063, 2, 'No system,  delayed distribution.'), 
	(60623, 40052, 3, 'Unhelpful,  delayed arrangements.'), 
	(60624, 40074, 3, 'Average friendliness,  manageable cause.'), 
	(60625, 40014, 2, 'Lax attitude,  late arrangement.'), 
	(60626, 40007, 3, 'Disorganized,  slow response time.'), 
	(60627, 40088, 1, 'Uncoordinated,  slow follow-up.'), 
	(60628, 40030, 1, 'Disorganized,  unresponsive team.'), 
	(60629, 40077, 3, 'Slow to act,  unresponsive team.'), 
	(60630, 40001, 4, 'Disjointed efforts,  slow initiative.'), 
	(60631, 40019, 4, 'Well-managed,  timely delivery.'), 
	(60632, 40099, 3, 'Well-coordinated effort,  prompt response.'), 
	(60633, 40054, 3, 'Average distribution,  timely support.'), 
	(60634, 40064, 1, 'Well-coordinated effort,  prompt response.'), 
	(60635, 40036, 5, 'Unsystematic,  poor timing.'), 
	(60636, 40085, 2, 'Disorganized process,  no promptness.'), 
	(60637, 40051, 3, 'Unsystematic,  poor timing.'), 
	(60638, 40085, 4, 'Late delivery,  unorganized event.'), 
	(60639, 40034, 5, 'Inadequate setup,  delayed response.'), 
	(60640, 40097, 5, 'Effective response,  friendly team.'), 
	(60641, 40025, 4, 'Timely and well-organized,  friendly volunteers.'), 
	(60642, 40076, 3, 'Satisfactory execution,  moderate friendliness.'), 
	(60643, 40014, 1, 'Efficient and friendly,  well-structured cause.'), 
	(60644, 40051, 2, 'Responsive and organized,  friendly atmosphere.'), 
	(60645, 40006, 3, 'Disorganized process,  no promptness.'), 
	(60646, 40093, 3, 'Effective response,  friendly team.'), 
	(60647, 40066, 1, 'Passable distribution,  decent cause.'), 
	(60648, 40012, 2, 'Prompt and friendly,  well-executed cause.'), 
	(60649, 40070, 2, 'Efficient distribution,  prompt response.'), 
	(60650, 40032, 3, 'Prompt and well-managed,  friendly service.'), 
	(60651, 40070, 2, 'Well-organized and friendly,  impactful cause.'), 
	(60652, 40099, 3, 'Unprepared,  slow execution.'), 
	(60653, 40002, 2, 'Well-managed,  timely delivery.'), 
	(60654, 40073, 4, 'Well-managed and timely,  organized approach.'), 
	(60655, 40052, 4, 'Effective response,  friendly team.'), 
	(60656, 40017, 5, 'Average response time,  moderate organization.'), 
	(60657, 40054, 4, 'Slow to act,  unresponsive team.'), 
	(60658, 40031, 2, 'Efficient distribution,  prompt response.'), 
	(60659, 40049, 5, 'Timely and friendly,  effective distribution.'), 
	(60660, 40047, 5, 'Well-structured,  timely assistance.'), 
	(60661, 40011, 2, 'Timely and effective,  friendly support.'), 
	(60662, 40018, 3, 'Well-structured,  timely assistance.'), 
	(60663, 40073, 2, 'Efficient and friendly,  well-structured cause.'), 
	(60664, 40006, 5, 'Decent response time,  moderate setup.'), 
	(60665, 40041, 3, 'Lax attitude,  late arrangement.'), 
	(60666, 40064, 1, 'Lax attitude,  late arrangement.'), 
	(60667, 40065, 4, 'Manageable effort,  average cause.'), 
	(60668, 40083, 5, 'Disjointed efforts,  slow initiative.'), 
	(60669, 40074, 5, 'Passable distribution,  decent cause.'), 
	(60670, 40018, 1, 'Well-structured,  timely assistance.'), 
	(60671, 40060, 2, 'Responsive and well-organized,  friendly volunteers.'), 
	(60672, 40067, 4, 'Quick and friendly,  efficient cause.'), 
	(60673, 40070, 5, 'Well-managed and timely,  organized approach.'), 
	(60674, 40011, 2, 'Quick and friendly,  efficient cause.'), 
	(60675, 40037, 2, 'Well-structured,  timely assistance.'), 
	(60676, 40043, 2, 'No system,  delayed distribution.'), 
	(60677, 40045, 2, 'Efficient distribution,  prompt response.'), 
	(60678, 40034, 2, 'Prompt and well-managed,  friendly service.'), 
	(60679, 40045, 2, 'Disorganized process,  no promptness.'), 
	(60680, 40047, 4, 'Well-managed,  timely delivery.'), 
	(60681, 40067, 4, 'Unhelpful,  delayed arrangements.'), 
	(60682, 40048, 5, 'Disorganized,  unresponsive team.'), 
	(60683, 40061, 5, 'Acceptable response,  moderate timeliness.'), 
	(60684, 40076, 5, 'Inefficient,  delayed preparations.'), 
	(60685, 40011, 2, 'Lackluster effort,  delayed actions.'), 
	(60686, 40014, 4, 'Responsive and organized,  friendly atmosphere.'), 
	(60687, 40098, 3, 'Timely and friendly,  effective distribution.'), 
	(60688, 40022, 3, 'Some room for improvement,  acceptable job.'), 
	(60689, 40008, 4, 'Well-arranged,  friendly volunteers.'), 
	(60690, 40013, 2, 'Efficient distribution,  prompt response.'), 
	(60691, 40033, 5, 'Prompt and friendly,  well-executed cause.'), 
	(60692, 40011, 4, 'Disorganized process,  no promptness.'), 
	(60693, 40038, 1, 'Unresponsive,  messy distribution.'), 
	(60694, 40087, 1, 'Disorganized,  slow response time.'), 
	(60695, 40031, 3, 'Efficient and friendly,  well-structured cause.'), 
	(60696, 40071, 4, 'Slow service,  unfriendly approach.'), 
	(60697, 40086, 3, 'Well-coordinated effort,  prompt response.'), 
	(60698, 40039, 5, 'Slow service,  unfriendly approach.'), 
	(60699, 40054, 1, 'Unprepared,  slow execution.'), 
	(60700, 40100, 2, 'Prompt and friendly,  well-executed cause.'), 
	(60701, 40058, 4, 'No system,  delayed distribution.'), 
	(60702, 40013, 5, 'Efficient and friendly,  well-structured cause.'), 
	(60703, 40006, 4, 'Disorganized process,  no promptness.'), 
	(60704, 40019, 2, 'Well-structured,  timely assistance.'), 
	(60705, 40048, 3, 'Responsive and organized,  friendly atmosphere.'), 
	(60706, 40097, 3, 'Responsive and well-organized,  friendly volunteers.'), 
	(60707, 40015, 2, 'Prompt and well-managed,  friendly service.'), 
	(60708, 40005, 1, 'Unsystematic,  poor timing.'), 
	(60709, 40005, 3, 'Unsystematic,  poor timing.'), 
	(60710, 40053, 4, 'Prompt and organized,  dedicated team.'), 
	(60711, 40001, 1, 'No coordination,  late distribution.'), 
	(60712, 40025, 4, 'Lax attitude,  late arrangement.'), 
	(60713, 40048, 5, 'Well-arranged,  friendly volunteers.'), 
	(60714, 40034, 1, 'Timely and friendly,  effective distribution.'), 
	(60715, 40026, 5, 'Unhelpful,  delayed arrangements.'), 
	(60716, 40034, 5, 'No system,  delayed distribution.'), 
	(60717, 40035, 3, 'Unsystematic,  poor timing.'), 
	(60718, 40026, 2, 'Lax attitude,  late arrangement.'), 
	(60719, 40082, 3, 'Lackluster effort,  delayed actions.'), 
	(60720, 40008, 4, 'Prompt and friendly,  organized efforts.'), 
	(60721, 40033, 3, 'Prompt and well-managed,  friendly service.'), 
	(60722, 40007, 3, 'Responsive and organized,  friendly atmosphere.'), 
	(60723, 40029, 4, 'Fairly timely,  moderately friendly.'), 
	(60724, 40040, 2, 'Lax attitude,  late arrangement.'), 
	(60725, 40092, 5, 'Prompt and well-managed,  friendly service.'), 
	(60726, 40039, 2, 'Efficient distribution,  prompt response.'), 
	(60727, 40060, 1, 'Acceptable initiative,  fairly timely.'), 
	(60728, 40053, 2, 'Prompt and friendly,  well-executed cause.'), 
	(60729, 40050, 4, 'Unsystematic,  poor timing.'), 
	(60730, 40020, 1, 'Late delivery,  unorganized event.'), 
	(60731, 40057, 2, 'Prompt and friendly,  organized efforts.'), 
	(60732, 40027, 3, 'Chaotic setup,  delayed distribution.'), 
	(60733, 40033, 2, 'Responsive and well-organized,  friendly volunteers.'), 
	(60734, 40038, 1, 'Unhelpful,  delayed arrangements.'), 
	(60735, 40091, 1, 'Disorganized,  slow response time.'), 
	(60736, 40086, 5, 'Effective response,  friendly team.'), 
	(60737, 40043, 5, 'Well-organized and friendly,  impactful cause.'), 
	(60738, 40043, 2, 'Chaotic setup,  delayed distribution.'), 
	(60739, 40081, 2, 'Timely and well-organized,  friendly volunteers.'), 
	(60740, 40072, 5, 'Responsive and well-organized,  friendly volunteers.'), 
	(60741, 40083, 2, 'Well-managed and timely,  organized approach.'), 
	(60742, 40088, 2, 'Disorganized process,  no promptness.'), 
	(60743, 40084, 5, 'Prompt and well-managed,  friendly service.'), 
	(60744, 40010, 2, 'Satisfactory execution,  moderate friendliness.'), 
	(60745, 40036, 1, 'Average distribution,  timely support.'), 
	(60746, 40073, 2, 'Manageable effort,  average cause.'), 
	(60747, 40077, 3, 'Inattentive team,  unstructured process.'), 
	(60748, 40083, 2, 'Responsive and timely,  well-managed cause.'), 
	(60749, 40054, 2, 'Uncooperative,  poor management.'), 
	(60750, 40016, 4, 'Fairly timely,  moderately friendly.'), 
	(60751, 40079, 5, 'Well-managed,  timely delivery.'), 
	(60752, 40085, 4, 'Fairly timely,  moderately friendly.'), 
	(60753, 40015, 3, 'Well-managed and timely,  organized approach.'), 
	(60754, 40056, 2, 'Punctuality could improve,  decent effort.'), 
	(60755, 40027, 5, 'Inefficient,  delayed preparations.'), 
	(60756, 40007, 3, 'Uncoordinated,  slow follow-up.'), 
	(60757, 40026, 2, 'Lax attitude,  late arrangement.'), 
	(60758, 40040, 5, 'Slow service,  unfriendly approach.'), 
	(60759, 40049, 2, 'Smooth execution,  friendly service.'), 
	(60760, 40019, 3, 'Well-coordinated,  friendly approach.'), 
	(60761, 40012, 5, 'Fairly timely,  moderately friendly.'), 
	(60762, 40054, 1, 'Unresponsive,  messy distribution.'), 
	(60763, 40034, 1, 'Chaotic setup,  delayed distribution.'), 
	(60764, 40058, 3, 'Lax attitude,  late arrangement.'), 
	(60765, 40022, 2, 'Inefficient,  delayed preparations.'), 
	(60766, 40010, 3, 'Unfriendly staff,  delayed service.'), 
	(60767, 40100, 5, 'Prompt and well-managed,  friendly service.'), 
	(60768, 40059, 1, 'Disjointed efforts,  slow initiative.'), 
	(60769, 40008, 1, 'Inefficient,  delayed preparations.'), 
	(60770, 40021, 4, 'Efficient and friendly,  well-structured cause.'), 
	(60771, 40072, 4, 'Well-coordinated,  friendly approach.'), 
	(60772, 40033, 4, 'Inefficient,  delayed preparations.'), 
	(60773, 40037, 2, 'Average distribution,  timely support.'), 
	(60774, 40025, 1, 'No coordination,  late distribution.'), 
	(60775, 40087, 5, 'Decent response time,  moderate setup.'), 
	(60776, 40057, 5, 'Punctuality could improve,  decent effort.'), 
	(60777, 40051, 5, 'Disorganized,  slow response time.'), 
	(60778, 40097, 5, 'Well-structured,  timely assistance.'), 
	(60779, 40067, 3, 'Moderate response,  acceptable organization.'), 
	(60780, 40002, 4, 'Slow service,  unfriendly approach.'), 
	(60781, 40059, 4, 'Smooth distribution,  well-organized setup.'), 
	(60782, 40013, 2, 'Slow to act,  unresponsive team.'), 
	(60783, 40061, 1, 'Moderate response,  acceptable organization.'), 
	(60784, 40033, 5, 'Prompt and friendly,  well-executed cause.'), 
	(60785, 40016, 2, 'Timely and friendly,  effective distribution.'), 
	(60786, 40023, 1, 'Manageable effort,  average cause.'), 
	(60787, 40004, 3, 'Well-organized distribution,  friendly assistance.'), 
	(60788, 40091, 2, 'Late delivery,  unorganized event.'), 
	(60789, 40080, 5, 'Disorganized,  unresponsive team.'), 
	(60790, 40099, 5, 'Adequate setup,  moderate promptness.'), 
	(60791, 40098, 2, 'Average friendliness,  manageable cause.'), 
	(60792, 40096, 4, 'Some room for improvement,  acceptable job.'), 
	(60793, 40058, 2, 'Adequate setup,  moderate promptness.'), 
	(60794, 40036, 5, 'Efficient and friendly,  well-structured cause.'), 
	(60795, 40093, 3, 'Prompt and friendly,  well-executed cause.'), 
	(60796, 40034, 1, 'Slow service,  unfriendly approach.'), 
	(60797, 40023, 4, 'Timely and well-organized,  friendly volunteers.'), 
	(60798, 40074, 5, 'Decent response time,  moderate setup.'), 
	(60799, 40089, 1, 'Smooth execution,  friendly service.'), 
	(60800, 40053, 3, 'Well-arranged,  friendly volunteers.'), 
	(60801, 40074, 3, 'Timely and well-organized,  friendly volunteers.'), 
	(60802, 40032, 3, 'Disorganized process,  no promptness.'), 
	(60803, 40060, 3, 'Slow service,  unfriendly approach.'), 
	(60804, 40033, 5, 'Unsystematic,  poor timing.'), 
	(60805, 40009, 1, 'Responsive and well-organized,  friendly volunteers.'), 
	(60806, 40010, 5, 'Well-organized distribution,  friendly assistance.'), 
	(60807, 40073, 5, 'Slow service,  unfriendly approach.'), 
	(60808, 40058, 2, 'Timely and well-organized,  friendly volunteers.'), 
	(60809, 40068, 3, 'Uncoordinated,  slow follow-up.'), 
	(60810, 40044, 3, 'Uncooperative,  poor management.'), 
	(60811, 40019, 3, 'Well-coordinated,  friendly approach.'), 
	(60812, 40047, 3, 'Quick and friendly,  efficient cause.'), 
	(60813, 40007, 5, 'Disorganized,  slow response time.'), 
	(60814, 40084, 3, 'Disorganized,  slow response time.'), 
	(60815, 40019, 5, 'Well-coordinated,  friendly approach.'), 
	(60816, 40095, 1, 'Late delivery,  unorganized event.'), 
	(60817, 40053, 2, 'Messy setup,  no punctuality.'), 
	(60818, 40016, 3, 'Timely and well-organized,  friendly volunteers.'), 
	(60819, 40089, 2, 'Acceptable initiative,  fairly timely.'), 
	(60820, 40059, 3, 'Acceptable initiative,  fairly timely.'), 
	(60821, 40014, 4, 'Unresponsive,  messy distribution.'), 
	(60822, 40070, 3, 'Disorganized process,  no promptness.'), 
	(60823, 40098, 3, 'Well-coordinated effort,  prompt response.'), 
	(60824, 40074, 2, 'No coordination,  late distribution.'), 
	(60825, 40065, 1, 'Efficient distribution,  prompt response.'), 
	(60826, 40002, 4, 'Inattentive team,  unstructured process.'), 
	(60827, 40058, 1, 'Well-organized distribution,  friendly assistance.'), 
	(60828, 40075, 1, 'Inadequate setup,  delayed response.'), 
	(60829, 40029, 1, 'Messy setup,  no punctuality.'), 
	(60830, 40015, 3, 'Late delivery,  unorganized event.'), 
	(60831, 40094, 5, 'Prompt and friendly,  well-executed cause.'), 
	(60832, 40079, 2, 'Responsive and organized,  friendly atmosphere.'), 
	(60833, 40039, 3, 'Unsystematic,  poor timing.'), 
	(60834, 40044, 1, 'Responsive and timely,  well-managed cause.'), 
	(60835, 40047, 2, 'Responsive and well-organized,  friendly volunteers.'), 
	(60836, 40086, 3, 'Effective response,  friendly team.'), 
	(60837, 40055, 1, 'Timely and effective,  friendly support.'), 
	(60838, 40006, 3, 'Moderate response,  acceptable organization.'), 
	(60839, 40044, 2, 'Slow service,  unfriendly approach.'), 
	(60840, 40008, 1, 'Average response time,  moderate organization.'), 
	(60841, 40036, 1, 'Disorganized process,  no promptness.'), 
	(60842, 40027, 5, 'Average response time,  moderate organization.'), 
	(60843, 40042, 4, 'Responsive and timely,  well-managed cause.'), 
	(60844, 40019, 1, 'Timely and well-organized,  friendly volunteers.'), 
	(60845, 40015, 4, 'Messy setup,  no punctuality.'), 
	(60846, 40026, 1, 'Messy setup,  no punctuality.'), 
	(60847, 40059, 4, 'Late delivery,  unorganized event.'), 
	(60848, 40060, 4, 'Disorganized,  unresponsive team.'), 
	(60849, 40046, 4, 'Unhelpful,  delayed arrangements.'), 
	(60850, 40073, 5, 'Slow response,  chaotic setup.'), 
	(60851, 40002, 5, 'Prompt and friendly,  organized efforts.'), 
	(60852, 40093, 3, 'Some room for improvement,  acceptable job.'), 
	(60853, 40066, 3, 'No coordination,  late distribution.'), 
	(60854, 40043, 1, 'Timely service,  well-coordinated team.'), 
	(60855, 40099, 1, 'Unresponsive,  messy distribution.'), 
	(60856, 40058, 5, 'Slow response,  chaotic setup.'), 
	(60857, 40012, 5, 'Inefficient,  delayed preparations.'), 
	(60858, 40003, 5, 'Inattentive team,  unstructured process.'), 
	(60859, 40089, 4, 'Responsive and organized,  friendly atmosphere.'), 
	(60860, 40012, 3, 'Well-managed,  timely delivery.'), 
	(60861, 40052, 4, 'Unhelpful,  delayed arrangements.'), 
	(60862, 40100, 2, 'Satisfactory execution,  moderate friendliness.'), 
	(60863, 40063, 3, 'Decent response time,  moderate setup.'), 
	(60864, 40083, 3, 'Well-organized and friendly,  impactful cause.'), 
	(60865, 40055, 4, 'Well-structured,  timely assistance.'), 
	(60866, 40065, 2, 'Efficient and friendly,  well-structured cause.'), 
	(60867, 40100, 5, 'Responsive and well-organized,  friendly volunteers.'), 
	(60868, 40055, 1, 'Responsive and timely,  well-managed cause.'), 
	(60869, 40061, 4, 'Smooth distribution,  well-organized setup.'), 
	(60870, 40084, 5, 'Fairly friendly,  somewhat organized.'), 
	(60871, 40003, 1, 'Prompt and organized,  dedicated team.'), 
	(60872, 40072, 1, 'Fairly organized,  acceptable distribution.'), 
	(60873, 40100, 2, 'Slow response,  chaotic setup.'), 
	(60874, 40033, 3, 'Unprepared,  slow execution.'), 
	(60875, 40044, 1, 'Responsive and timely,  well-managed cause.'), 
	(60876, 40095, 5, 'Could be more organized,  decent support.'), 
	(60877, 40010, 4, 'Average response time,  moderate organization.'), 
	(60878, 40025, 5, 'Moderate response,  acceptable organization.'), 
	(60879, 40035, 5, 'Some room for improvement,  acceptable job.'), 
	(60880, 40001, 3, 'Disorganized process,  no promptness.'), 
	(60881, 40018, 2, 'Well-arranged,  friendly volunteers.'), 
	(60882, 40076, 3, 'Timely and well-organized,  friendly volunteers.'), 
	(60883, 40066, 3, 'Slow response,  chaotic setup.'), 
	(60884, 40021, 2, 'Unprepared,  slow execution.'), 
	(60885, 40066, 3, 'Lax attitude,  late arrangement.'), 
	(60886, 40082, 1, 'Unfriendly staff,  delayed service.'), 
	(60887, 40075, 1, 'Inattentive team,  unstructured process.'), 
	(60888, 40043, 4, 'Well-managed,  timely delivery.'), 
	(60889, 40028, 5, 'Inadequate setup,  delayed response.'), 
	(60890, 40034, 5, 'Adequate management,  decent initiative.'), 
	(60891, 40085, 1, 'Inattentive team,  unstructured process.'), 
	(60892, 40015, 1, 'Prompt and friendly,  well-executed cause.'), 
	(60893, 40083, 5, 'Punctuality could improve,  decent effort.'), 
	(60894, 40031, 3, 'Lax attitude,  late arrangement.'), 
	(60895, 40074, 4, 'No coordination,  late distribution.'), 
	(60896, 40053, 1, 'Quick and friendly,  efficient cause.'), 
	(60897, 40018, 5, 'Inadequate setup,  delayed response.'), 
	(60898, 40088, 5, 'Well-structured,  timely assistance.'), 
	(60899, 40068, 3, 'Effective response,  friendly team.'), 
	(60900, 40081, 1, 'Some room for improvement,  acceptable job.'), 
	(60901, 40015, 4, 'Unfriendly staff,  delayed service.'), 
	(60902, 40044, 4, 'Average response time,  moderate organization.'), 
	(60903, 40099, 1, 'Quick and friendly,  efficient cause.'), 
	(60904, 40048, 1, 'Fairly organized,  acceptable distribution.'), 
	(60905, 40001, 2, 'Uncoordinated,  slow follow-up.'), 
	(60906, 40088, 2, 'Average response time,  moderate organization.'), 
	(60907, 40042, 1, 'Inefficient,  delayed preparations.'), 
	(60908, 40094, 5, 'Well-arranged,  friendly volunteers.'), 
	(60909, 40050, 5, 'Chaotic setup,  delayed distribution.'), 
	(60910, 40085, 5, 'Responsive and well-organized,  friendly volunteers.'), 
	(60911, 40002, 2, 'Decent initiative,  could be better organized.'), 
	(60912, 40027, 3, 'No coordination,  late distribution.'), 
	(60913, 40002, 5, 'No system,  delayed distribution.'), 
	(60914, 40046, 3, 'Inadequate setup,  delayed response.'), 
	(60915, 40057, 1, 'Inefficient,  delayed preparations.'), 
	(60916, 40072, 5, 'Average friendliness,  manageable cause.'), 
	(60917, 40020, 4, 'No coordination,  late distribution.'), 
	(60918, 40085, 4, 'Slow to act,  unresponsive team.'), 
	(60919, 40010, 1, 'Unhelpful,  delayed arrangements.'), 
	(60920, 40041, 4, 'Disjointed efforts,  slow initiative.'), 
	(60921, 40014, 3, 'Well-structured,  timely assistance.'), 
	(60922, 40039, 3, 'Adequate management,  decent initiative.'), 
	(60923, 40094, 3, 'Well-managed and timely,  organized approach.'), 
	(60924, 40028, 5, 'Inattentive team,  unstructured process.'), 
	(60925, 40013, 4, 'Uncoordinated,  slow follow-up.'), 
	(60926, 40054, 4, 'Adequate coordination,  needs refinement.'), 
	(60927, 40030, 3, 'Uncooperative,  poor management.'), 
	(60928, 40010, 1, 'Well-managed and timely,  organized approach.'), 
	(60929, 40017, 1, 'Slow response,  chaotic setup.'), 
	(60930, 40045, 5, 'Satisfactory effort,  average responsiveness.'), 
	(60931, 40050, 5, 'Disorganized process,  no promptness.'), 
	(60932, 40050, 5, 'Quick and friendly,  efficient cause.'), 
	(60933, 40038, 1, 'Chaotic setup,  delayed distribution.'), 
	(60934, 40026, 5, 'Effective response,  friendly team.'), 
	(60935, 40070, 2, 'Well-arranged,  friendly volunteers.'), 
	(60936, 40014, 2, 'Timely and effective,  friendly support.'), 
	(60937, 40079, 4, 'No coordination,  late distribution.'), 
	(60938, 40079, 3, 'Chaotic setup,  delayed distribution.'), 
	(60939, 40017, 4, 'Uncooperative,  poor management.'), 
	(60940, 40058, 1, 'Disorganized process,  no promptness.'), 
	(60941, 40002, 4, 'Smooth distribution,  well-organized setup.'), 
	(60942, 40039, 3, 'Acceptable responsiveness,  average effort.'), 
	(60943, 40068, 4, 'Effective response,  friendly team.'), 
	(60944, 40095, 3, 'No system,  delayed distribution.'), 
	(60945, 40097, 4, 'Well-arranged,  friendly volunteers.'), 
	(60946, 40017, 3, 'Inattentive team,  unstructured process.'), 
	(60947, 40022, 3, 'Well-managed,  timely delivery.'), 
	(60948, 40091, 1, 'Disorganized,  unresponsive team.'), 
	(60949, 40034, 4, 'Well-organized and friendly,  impactful cause.'), 
	(60950, 40092, 2, 'Slow service,  unfriendly approach.'), 
	(60951, 40076, 5, 'Decent initiative,  could be better organized.'), 
	(60952, 40089, 3, 'Inadequate setup,  delayed response.'), 
	(60953, 40095, 3, 'Well-arranged,  friendly volunteers.'), 
	(60954, 40005, 2, 'Messy setup,  no punctuality.'), 
	(60955, 40002, 1, 'Prompt and friendly,  organized efforts.'), 
	(60956, 40086, 3, 'Well-managed and timely,  organized approach.'), 
	(60957, 40002, 3, 'Lackluster effort,  delayed actions.'), 
	(60958, 40024, 3, 'Uncoordinated,  slow follow-up.'), 
	(60959, 40053, 4, 'No system,  delayed distribution.'), 
	(60960, 40005, 3, 'Slow service,  unfriendly approach.'), 
	(60961, 40025, 3, 'Responsive and well-organized,  friendly volunteers.'), 
	(60962, 40096, 2, 'Responsive and well-organized,  friendly volunteers.'), 
	(60963, 40046, 5, 'Manageable effort,  average cause.'), 
	(60964, 40098, 5, 'Disorganized process,  no promptness.'), 
	(60965, 40014, 4, 'Room for improvement,  fairly friendly.'), 
	(60966, 40043, 3, 'Disorganized process,  no promptness.'), 
	(60967, 40093, 2, 'Prompt and friendly,  well-executed cause.'), 
	(60968, 40016, 1, 'Well-managed,  timely delivery.'), 
	(60969, 40065, 5, 'Well-organized and friendly,  impactful cause.'), 
	(60970, 40003, 1, 'Well-organized distribution,  friendly assistance.'), 
	(60971, 40060, 1, 'Satisfactory effort,  average responsiveness.'), 
	(60972, 40021, 4, 'Prompt and friendly,  well-executed cause.'), 
	(60973, 40028, 3, 'Prompt and friendly,  organized efforts.'), 
	(60974, 40021, 4, 'Responsive and timely,  well-managed cause.'), 
	(60975, 40011, 2, 'Smooth distribution,  well-organized setup.'), 
	(60976, 40015, 5, 'Fairly organized,  acceptable distribution.'), 
	(60977, 40051, 3, 'Timely and effective,  friendly support.'), 
	(60978, 40004, 1, 'Average distribution,  timely support.'), 
	(60979, 40076, 4, 'Slow to act,  unresponsive team.'), 
	(60980, 40006, 1, 'Average distribution,  timely support.'), 
	(60981, 40066, 3, 'Well-managed and timely,  organized approach.'), 
	(60982, 40096, 5, 'Disjointed efforts,  slow initiative.'), 
	(60983, 40036, 5, 'Uncoordinated,  slow follow-up.'), 
	(60984, 40095, 2, 'Late delivery,  unorganized event.'), 
	(60985, 40035, 1, 'Slow to act,  unresponsive team.'), 
	(60986, 40036, 4, 'Well-structured,  timely assistance.'), 
	(60987, 40068, 2, 'Well-managed and timely,  organized approach.'), 
	(60988, 40013, 2, 'Average distribution,  timely support.'), 
	(60989, 40097, 2, 'Well-coordinated,  friendly approach.'), 
	(60990, 40063, 2, 'No system,  delayed distribution.'), 
	(60991, 40099, 4, 'Punctuality could improve,  decent effort.'), 
	(60992, 40070, 4, 'Fairly timely,  moderately friendly.'), 
	(60993, 40007, 5, 'Slow to act,  unresponsive team.'), 
	(60994, 40034, 2, 'Well-coordinated,  friendly approach.'), 
	(60995, 40014, 5, 'Lax attitude,  late arrangement.'), 
	(60996, 40044, 3, 'Timely and effective,  friendly support.'), 
	(60997, 40031, 3, 'Efficient distribution,  prompt response.'), 
	(60998, 40050, 5, 'Inadequate setup,  delayed response.'), 
	(60999, 40032, 3, 'Lackluster effort,  delayed actions.'), 
	(61000, 40040, 3, 'Efficient distribution,  prompt response.');

